dataset,outer,method,depth,n_thresholds,cv_folds,cost_complexity,ridge_penalty,lasso_penalty,val_r2,val_mse,train_time_s,train_mse,train_r2,test_mse,test_r2,n_leaves,threshold_label
yacht,outer_0,streed_s,4,246.0,3,0.1,0.1,0.0,0.9776832384092818,4.905345381910516,0.0031824111938476,4.646365956182109,0.980226427829286,3.528940022203487,0.98282381323622,2.0,full
yacht,outer_0,streed_s,4,246.0,3,0.1,0.01,0.0,0.9776832384092818,4.905345381910516,0.0031185150146484,4.646365956182109,0.980226427829286,3.528940022203487,0.98282381323622,2.0,full
yacht,outer_0,streed_s,4,246.0,3,0.1,0.001,0.0,0.9776832384092818,4.905345381910516,0.0030784606933593,4.646365956182109,0.980226427829286,3.528940022203487,0.98282381323622,2.0,full
yacht,outer_0,streed_s,4,246.0,3,0.1,0.0001,0.0,0.9776832384092818,4.905345381910516,0.0030944347381591,4.646365956182109,0.980226427829286,3.528940022203487,0.98282381323622,2.0,full
yacht,outer_0,streed_s,4,246.0,3,0.1,1e-05,0.0,0.9776832384092818,4.905345381910516,0.0030992031097412,4.646365956182109,0.980226427829286,3.528940022203487,0.98282381323622,2.0,full
yacht,outer_0,streed_s,4,246.0,3,0.08,0.1,0.0,0.9776832384092818,4.905345381910516,0.0031261444091796,4.646365956182109,0.980226427829286,3.528940022203487,0.98282381323622,2.0,full
yacht,outer_0,streed_s,4,246.0,3,0.08,0.01,0.0,0.9776832384092818,4.905345381910516,0.0031390190124511,4.646365956182109,0.980226427829286,3.528940022203487,0.98282381323622,2.0,full
yacht,outer_0,streed_s,4,246.0,3,0.08,0.001,0.0,0.9776832384092818,4.905345381910516,0.0031440258026123,4.646365956182109,0.980226427829286,3.528940022203487,0.98282381323622,2.0,full
yacht,outer_0,streed_s,4,246.0,3,0.08,0.0001,0.0,0.9776832384092818,4.905345381910516,0.0031356811523437,4.646365956182109,0.980226427829286,3.528940022203487,0.98282381323622,2.0,full
yacht,outer_0,streed_s,4,246.0,3,0.08,1e-05,0.0,0.9776832384092818,4.905345381910516,0.0031394958496093,4.646365956182109,0.980226427829286,3.528940022203487,0.98282381323622,2.0,full
yacht,outer_0,streed_s,4,246.0,3,0.05,0.1,0.0,0.9776832384092818,4.905345381910516,0.0031056404113769,4.646365956182109,0.980226427829286,3.528940022203487,0.98282381323622,2.0,full
yacht,outer_0,streed_s,4,246.0,3,0.05,0.01,0.0,0.9776832384092818,4.905345381910516,0.0031583309173583,4.646365956182109,0.980226427829286,3.528940022203487,0.98282381323622,2.0,full
yacht,outer_0,streed_s,4,246.0,3,0.05,0.001,0.0,0.9776832384092818,4.905345381910516,0.0031580924987792,4.646365956182109,0.980226427829286,3.528940022203487,0.98282381323622,2.0,full
yacht,outer_0,streed_s,4,246.0,3,0.05,0.0001,0.0,0.9776832384092818,4.905345381910516,0.0031511783599853,4.646365956182109,0.980226427829286,3.528940022203487,0.98282381323622,2.0,full
yacht,outer_0,streed_s,4,246.0,3,0.05,1e-05,0.0,0.9776832384092818,4.905345381910516,0.0031638145446777,4.646365956182109,0.980226427829286,3.528940022203487,0.98282381323622,2.0,full
yacht,outer_0,streed_s,4,246.0,3,0.03,0.1,0.0,0.9776832384092818,4.905345381910516,0.0031695365905761,4.646365956182109,0.980226427829286,3.528940022203487,0.98282381323622,2.0,full
yacht,outer_0,streed_s,4,246.0,3,0.03,0.01,0.0,0.9776832384092818,4.905345381910516,0.0031664371490478,4.646365956182109,0.980226427829286,3.528940022203487,0.98282381323622,2.0,full
yacht,outer_0,streed_s,4,246.0,3,0.03,0.001,0.0,0.9776832384092818,4.905345381910516,0.003173828125,4.646365956182109,0.980226427829286,3.528940022203487,0.98282381323622,2.0,full
yacht,outer_0,streed_s,4,246.0,3,0.03,0.0001,0.0,0.9776832384092818,4.905345381910516,0.0031588077545166,4.646365956182109,0.980226427829286,3.528940022203487,0.98282381323622,2.0,full
yacht,outer_0,streed_s,4,246.0,3,0.03,1e-05,0.0,0.9776832384092818,4.905345381910516,0.0031657218933105,4.646365956182109,0.980226427829286,3.528940022203487,0.98282381323622,2.0,full
yacht,outer_0,streed_s,4,246.0,3,0.01,0.1,0.0,0.9791238980000708,4.4691633087254345,0.0204880237579345,4.646365956182109,0.980226427829286,3.528940022203487,0.98282381323622,2.0,full
yacht,outer_0,streed_s,4,246.0,3,0.01,0.01,0.0,0.9791238980000708,4.4691633087254345,0.0204088687896728,4.646365956182109,0.980226427829286,3.528940022203487,0.98282381323622,2.0,full
yacht,outer_0,streed_s,4,246.0,3,0.01,0.001,0.0,0.9791238980000708,4.4691633087254345,0.0204768180847167,4.646365956182109,0.980226427829286,3.528940022203487,0.98282381323622,2.0,full
yacht,outer_0,streed_s,4,246.0,3,0.01,0.0001,0.0,0.9791238980000708,4.4691633087254345,0.0204992294311523,4.646365956182109,0.980226427829286,3.528940022203487,0.98282381323622,2.0,full
yacht,outer_0,streed_s,4,246.0,3,0.01,1e-05,0.0,0.9791238980000708,4.4691633087254345,0.0205388069152832,4.646365956182109,0.980226427829286,3.528940022203487,0.98282381323622,2.0,full
yacht,outer_0,streed_s,4,246.0,3,0.008,0.1,0.0,0.9826683908516024,3.822061966555775,0.3987245559692383,2.459586771754675,0.9895327193337592,3.182237303190329,0.9845112974710928,3.0,full
yacht,outer_0,streed_s,4,246.0,3,0.008,0.01,0.0,0.9826683908516024,3.822061966555775,0.4008002281188965,2.459586771754675,0.9895327193337592,3.182237303190329,0.9845112974710928,3.0,full
yacht,outer_0,streed_s,4,246.0,3,0.008,0.001,0.0,0.9826683908516024,3.822061966555775,0.4033827781677246,2.459586771754675,0.9895327193337592,3.182237303190329,0.9845112974710928,3.0,full
yacht,outer_0,streed_s,4,246.0,3,0.008,0.0001,0.0,0.9826683908516024,3.822061966555775,0.401594877243042,2.459586771754675,0.9895327193337592,3.182237303190329,0.9845112974710928,3.0,full
yacht,outer_0,streed_s,4,246.0,3,0.008,1e-05,0.0,0.9826683908516024,3.822061966555775,0.4051897525787353,2.459586771754675,0.9895327193337592,3.182237303190329,0.9845112974710928,3.0,full
yacht,outer_0,streed_s,4,246.0,3,0.005,0.1,0.0,0.987658451043692,2.781441199058994,2.66057562828064,2.459586771754675,0.9895327193337592,3.182237303190329,0.9845112974710928,3.0,full
yacht,outer_0,streed_s,4,246.0,3,0.005,0.01,0.0,0.987658451043692,2.781441199058994,2.6659719944000244,2.459586771754675,0.9895327193337592,3.182237303190329,0.9845112974710928,3.0,full
yacht,outer_0,streed_s,4,246.0,3,0.005,0.001,0.0,0.987658451043692,2.781441199058994,2.668687343597412,2.459586771754675,0.9895327193337592,3.182237303190329,0.9845112974710928,3.0,full
yacht,outer_0,streed_s,4,246.0,3,0.005,0.0001,0.0,0.987658451043692,2.781441199058994,2.6583800315856934,2.459586771754675,0.9895327193337592,3.182237303190329,0.9845112974710928,3.0,full
yacht,outer_0,streed_s,4,246.0,3,0.005,1e-05,0.0,0.987658451043692,2.781441199058994,2.649817705154419,2.459586771754675,0.9895327193337592,3.182237303190329,0.9845112974710928,3.0,full
yacht,outer_0,streed_s,4,246.0,3,0.003,0.1,0.0,0.9883615300838802,2.6058977227859432,11.1870596408844,1.7003667781391232,0.9927637371827152,0.8653364555236631,0.9957882025537228,4.0,full
yacht,outer_0,streed_s,4,246.0,3,0.003,0.01,0.0,0.9883615300838802,2.6058977227859432,11.1836895942688,1.7003667781391232,0.9927637371827152,0.8653364555236631,0.9957882025537228,4.0,full
yacht,outer_0,streed_s,4,246.0,3,0.003,0.001,0.0,0.9883615300838802,2.6058977227859432,11.180431604385376,1.7003667781391232,0.9927637371827152,0.8653364555236631,0.9957882025537228,4.0,full
yacht,outer_0,streed_s,4,246.0,3,0.003,0.0001,0.0,0.9883615300838802,2.6058977227859432,11.228678226470947,1.7003667781391232,0.9927637371827152,0.8653364555236631,0.9957882025537228,4.0,full
yacht,outer_0,streed_s,4,246.0,3,0.003,1e-05,0.0,0.9883615300838802,2.6058977227859432,11.203673601150513,1.7003667781391232,0.9927637371827152,0.8653364555236631,0.9957882025537228,4.0,full
yacht,outer_0,streed_s,4,246.0,3,0.001,0.1,0.0,0.986101671862146,3.245615936430484,15.838048219680786,1.0948826174640072,0.9953405003697396,0.829560796632632,0.9959623311574518,6.0,full
yacht,outer_0,streed_s,4,246.0,3,0.001,0.01,0.0,0.986101671862146,3.245615936430484,15.8781898021698,1.0948826174640072,0.9953405003697396,0.829560796632632,0.9959623311574518,6.0,full
yacht,outer_0,streed_s,4,246.0,3,0.001,0.001,0.0,0.986101671862146,3.245615936430484,15.95017671585083,1.0948826174640072,0.9953405003697396,0.829560796632632,0.9959623311574518,6.0,full
yacht,outer_0,streed_s,4,246.0,3,0.001,0.0001,0.0,0.986101671862146,3.245615936430484,15.848647832870483,1.0948826174640072,0.9953405003697396,0.829560796632632,0.9959623311574518,6.0,full
yacht,outer_0,streed_s,4,246.0,3,0.001,1e-05,0.0,0.986101671862146,3.245615936430484,15.853055238723757,1.0948826174640072,0.9953405003697396,0.829560796632632,0.9959623311574518,6.0,full
yacht,outer_0,streed_s,4,246.0,3,0.0005,0.1,0.0,0.9895608689883448,2.509845790237092,19.948331832885746,0.6738058356856221,0.9971324797816988,4.370006894199298,0.9787301416001664,9.0,full
yacht,outer_0,streed_s,4,246.0,3,0.0005,0.01,0.0,0.9895608689883448,2.509845790237092,19.975908994674683,0.6738058356856221,0.9971324797816988,4.370006894199298,0.9787301416001664,9.0,full
yacht,outer_0,streed_s,4,246.0,3,0.0005,0.001,0.0,0.9895608689883448,2.509845790237092,19.94559407234192,0.6738058356856221,0.9971324797816988,4.370006894199298,0.9787301416001664,9.0,full
yacht,outer_0,streed_s,4,246.0,3,0.0005,0.0001,0.0,0.9895608689883448,2.509845790237092,19.96324920654297,0.6738058356856221,0.9971324797816988,4.370006894199298,0.9787301416001664,9.0,full
yacht,outer_0,streed_s,4,246.0,3,0.0005,1e-05,0.0,0.9895608689883448,2.509845790237092,19.934601068496704,0.6738058356856221,0.9971324797816988,4.370006894199298,0.9787301416001664,9.0,full
yacht,outer_0,streed_s,4,246.0,3,0.0001,0.1,0.0,0.9903801605051218,2.3053546782373475,30.715132236480716,0.4058143597438385,0.9982729729844826,4.395443571488145,0.9786063352682328,14.0,full
yacht,outer_0,streed_s,4,246.0,3,0.0001,0.01,0.0,0.9903801605051218,2.3053546782373475,30.656471252441406,0.4058143597438385,0.9982729729844826,4.395443571488145,0.9786063352682328,14.0,full
yacht,outer_0,streed_s,4,246.0,3,0.0001,0.001,0.0,0.9903801605051218,2.3053546782373475,30.600550651550293,0.4058143597438385,0.9982729729844826,4.395443571488145,0.9786063352682328,14.0,full
yacht,outer_0,streed_s,4,246.0,3,0.0001,0.0001,0.0,0.9903801605051218,2.3053546782373475,30.61353182792664,0.4058143597438385,0.9982729729844826,4.395443571488145,0.9786063352682328,14.0,full
yacht,outer_0,streed_s,4,246.0,3,0.0001,1e-05,0.0,0.9903801605051218,2.3053546782373475,30.6796669960022,0.4058143597438385,0.9982729729844826,4.395443571488145,0.9786063352682328,14.0,full
yacht,outer_1,streed_s,4,246.0,3,0.1,0.1,0.0,0.9754589551434472,5.7218714488859765,0.0032305717468261,4.735127457738973,0.9800234988792836,3.1289445985161946,0.9836877542660284,2.0,full
yacht,outer_1,streed_s,4,246.0,3,0.1,0.01,0.0,0.9754589551434472,5.7218714488859765,0.0031070709228515,4.735127457738973,0.9800234988792836,3.1289445985161946,0.9836877542660284,2.0,full
yacht,outer_1,streed_s,4,246.0,3,0.1,0.001,0.0,0.9754589551434472,5.7218714488859765,0.0031278133392333,4.735127457738973,0.9800234988792836,3.1289445985161946,0.9836877542660284,2.0,full
yacht,outer_1,streed_s,4,246.0,3,0.1,0.0001,0.0,0.9754589551434472,5.7218714488859765,0.003152847290039,4.735127457738973,0.9800234988792836,3.1289445985161946,0.9836877542660284,2.0,full
yacht,outer_1,streed_s,4,246.0,3,0.1,1e-05,0.0,0.9754589551434472,5.7218714488859765,0.0031521320343017,4.735127457738973,0.9800234988792836,3.1289445985161946,0.9836877542660284,2.0,full
yacht,outer_1,streed_s,4,246.0,3,0.08,0.1,0.0,0.9754589551434472,5.7218714488859765,0.003152847290039,4.735127457738973,0.9800234988792836,3.1289445985161946,0.9836877542660284,2.0,full
yacht,outer_1,streed_s,4,246.0,3,0.08,0.01,0.0,0.9754589551434472,5.7218714488859765,0.0031614303588867,4.735127457738973,0.9800234988792836,3.1289445985161946,0.9836877542660284,2.0,full
yacht,outer_1,streed_s,4,246.0,3,0.08,0.001,0.0,0.9754589551434472,5.7218714488859765,0.0032029151916503,4.735127457738973,0.9800234988792836,3.1289445985161946,0.9836877542660284,2.0,full
yacht,outer_1,streed_s,4,246.0,3,0.08,0.0001,0.0,0.9754589551434472,5.7218714488859765,0.003164529800415,4.735127457738973,0.9800234988792836,3.1289445985161946,0.9836877542660284,2.0,full
yacht,outer_1,streed_s,4,246.0,3,0.08,1e-05,0.0,0.9754589551434472,5.7218714488859765,0.0032546520233154,4.735127457738973,0.9800234988792836,3.1289445985161946,0.9836877542660284,2.0,full
yacht,outer_1,streed_s,4,246.0,3,0.05,0.1,0.0,0.9754589551434472,5.7218714488859765,0.0031688213348388,4.735127457738973,0.9800234988792836,3.1289445985161946,0.9836877542660284,2.0,full
yacht,outer_1,streed_s,4,246.0,3,0.05,0.01,0.0,0.9754589551434472,5.7218714488859765,0.0031704902648925,4.735127457738973,0.9800234988792836,3.1289445985161946,0.9836877542660284,2.0,full
yacht,outer_1,streed_s,4,246.0,3,0.05,0.001,0.0,0.9754589551434472,5.7218714488859765,0.003202199935913,4.735127457738973,0.9800234988792836,3.1289445985161946,0.9836877542660284,2.0,full
yacht,outer_1,streed_s,4,246.0,3,0.05,0.0001,0.0,0.9754589551434472,5.7218714488859765,0.0031759738922119,4.735127457738973,0.9800234988792836,3.1289445985161946,0.9836877542660284,2.0,full
yacht,outer_1,streed_s,4,246.0,3,0.05,1e-05,0.0,0.9754589551434472,5.7218714488859765,0.0031843185424804,4.735127457738973,0.9800234988792836,3.1289445985161946,0.9836877542660284,2.0,full
yacht,outer_1,streed_s,4,246.0,3,0.03,0.1,0.0,0.9754589551434472,5.7218714488859765,0.0036447048187255,4.735127457738973,0.9800234988792836,3.1289445985161946,0.9836877542660284,2.0,full
yacht,outer_1,streed_s,4,246.0,3,0.03,0.01,0.0,0.9754589551434472,5.7218714488859765,0.0035457611083984,4.735127457738973,0.9800234988792836,3.1289445985161946,0.9836877542660284,2.0,full
yacht,outer_1,streed_s,4,246.0,3,0.03,0.001,0.0,0.9754589551434472,5.7218714488859765,0.0035343170166015,4.735127457738973,0.9800234988792836,3.1289445985161946,0.9836877542660284,2.0,full
yacht,outer_1,streed_s,4,246.0,3,0.03,0.0001,0.0,0.9754589551434472,5.7218714488859765,0.0035421848297119,4.735127457738973,0.9800234988792836,3.1289445985161946,0.9836877542660284,2.0,full
yacht,outer_1,streed_s,4,246.0,3,0.03,1e-05,0.0,0.9754589551434472,5.7218714488859765,0.0035409927368164,4.735127457738973,0.9800234988792836,3.1289445985161946,0.9836877542660284,2.0,full
yacht,outer_1,streed_s,4,246.0,3,0.01,0.1,0.0,0.9754589551434472,5.7218714488859765,0.0206606388092041,4.735127457738973,0.9800234988792836,3.1289445985161946,0.9836877542660284,2.0,full
yacht,outer_1,streed_s,4,246.0,3,0.01,0.01,0.0,0.9754589551434472,5.7218714488859765,0.0204734802246093,4.735127457738973,0.9800234988792836,3.1289445985161946,0.9836877542660284,2.0,full
yacht,outer_1,streed_s,4,246.0,3,0.01,0.001,0.0,0.9754589551434472,5.7218714488859765,0.0205385684967041,4.735127457738973,0.9800234988792836,3.1289445985161946,0.9836877542660284,2.0,full
yacht,outer_1,streed_s,4,246.0,3,0.01,0.0001,0.0,0.9754589551434472,5.7218714488859765,0.0206365585327148,4.735127457738973,0.9800234988792836,3.1289445985161946,0.9836877542660284,2.0,full
yacht,outer_1,streed_s,4,246.0,3,0.01,1e-05,0.0,0.9754589551434472,5.7218714488859765,0.0206561088562011,4.735127457738973,0.9800234988792836,3.1289445985161946,0.9836877542660284,2.0,full
yacht,outer_1,streed_s,4,246.0,3,0.008,0.1,0.0,0.9791842443813746,5.021559435371317,0.4110875129699707,2.8124342894475607,0.988134934648218,1.8156309981173195,0.9905345019475412,3.0,full
yacht,outer_1,streed_s,4,246.0,3,0.008,0.01,0.0,0.9791842443813746,5.021559435371317,0.4152569770812988,2.8124342894475607,0.988134934648218,1.8156309981173195,0.9905345019475412,3.0,full
yacht,outer_1,streed_s,4,246.0,3,0.008,0.001,0.0,0.9791842443813746,5.021559435371317,0.4132370948791504,2.8124342894475607,0.988134934648218,1.8156309981173195,0.9905345019475412,3.0,full
yacht,outer_1,streed_s,4,246.0,3,0.008,0.0001,0.0,0.9791842443813746,5.021559435371317,0.4143180847167969,2.8124342894475607,0.988134934648218,1.8156309981173195,0.9905345019475412,3.0,full
yacht,outer_1,streed_s,4,246.0,3,0.008,1e-05,0.0,0.9791842443813746,5.021559435371317,0.4135105609893799,2.8124342894475607,0.988134934648218,1.8156309981173195,0.9905345019475412,3.0,full
yacht,outer_1,streed_s,4,246.0,3,0.005,0.1,0.0,0.9837220618563868,3.5324720073263163,2.7277534008026123,2.8124342894475607,0.988134934648218,1.8156309981173195,0.9905345019475412,3.0,full
yacht,outer_1,streed_s,4,246.0,3,0.005,0.01,0.0,0.9837220618563868,3.5324720073263163,2.7217843532562256,2.8124342894475607,0.988134934648218,1.8156309981173195,0.9905345019475412,3.0,full
yacht,outer_1,streed_s,4,246.0,3,0.005,0.001,0.0,0.9837220618563868,3.5324720073263163,2.7237548828125,2.8124342894475607,0.988134934648218,1.8156309981173195,0.9905345019475412,3.0,full
yacht,outer_1,streed_s,4,246.0,3,0.005,0.0001,0.0,0.9837220618563868,3.5324720073263163,2.727248191833496,2.8124342894475607,0.988134934648218,1.8156309981173195,0.9905345019475412,3.0,full
yacht,outer_1,streed_s,4,246.0,3,0.005,1e-05,0.0,0.9837220618563868,3.5324720073263163,2.728675842285156,2.8124342894475607,0.988134934648218,1.8156309981173195,0.9905345019475412,3.0,full
yacht,outer_1,streed_s,4,246.0,3,0.003,0.1,0.0,0.9861980285942792,3.1214795428198343,11.164427757263184,1.689881621437065,0.9928707469005208,0.91056378641879,0.9952529232228776,4.0,full
yacht,outer_1,streed_s,4,246.0,3,0.003,0.01,0.0,0.9861980285942792,3.1214795428198343,11.160420894622805,1.689881621437065,0.9928707469005208,0.91056378641879,0.9952529232228776,4.0,full
yacht,outer_1,streed_s,4,246.0,3,0.003,0.001,0.0,0.9861980285942792,3.1214795428198343,11.158946752548218,1.689881621437065,0.9928707469005208,0.91056378641879,0.9952529232228776,4.0,full
yacht,outer_1,streed_s,4,246.0,3,0.003,0.0001,0.0,0.9861980285942792,3.1214795428198343,11.17070174217224,1.689881621437065,0.9928707469005208,0.91056378641879,0.9952529232228776,4.0,full
yacht,outer_1,streed_s,4,246.0,3,0.003,1e-05,0.0,0.9861980285942792,3.1214795428198343,11.16489839553833,1.689881621437065,0.9928707469005208,0.91056378641879,0.9952529232228776,4.0,full
yacht,outer_1,streed_s,4,246.0,3,0.001,0.1,0.0,0.9890157897957952,2.588212142205864,16.4281747341156,1.370133948946361,0.9942196946944004,0.841331178492354,0.9956138562077042,5.0,full
yacht,outer_1,streed_s,4,246.0,3,0.001,0.01,0.0,0.9890157897957952,2.588212142205864,16.462451696395874,1.370133948946361,0.9942196946944004,0.841331178492354,0.9956138562077042,5.0,full
yacht,outer_1,streed_s,4,246.0,3,0.001,0.001,0.0,0.9890157897957952,2.588212142205864,16.43185520172119,1.370133948946361,0.9942196946944004,0.841331178492354,0.9956138562077042,5.0,full
yacht,outer_1,streed_s,4,246.0,3,0.001,0.0001,0.0,0.9890157897957952,2.588212142205864,16.434295415878296,1.370133948946361,0.9942196946944004,0.841331178492354,0.9956138562077042,5.0,full
yacht,outer_1,streed_s,4,246.0,3,0.001,1e-05,0.0,0.9890157897957952,2.588212142205864,16.47774052619934,1.370133948946361,0.9942196946944004,0.841331178492354,0.9956138562077042,5.0,full
yacht,outer_1,streed_s,4,246.0,3,0.0005,0.1,0.0,0.9905400474724628,2.299006246253606,19.88265109062195,0.545127476626848,0.9977002224871536,1.2465151473469842,0.9935014952312404,10.0,full
yacht,outer_1,streed_s,4,246.0,3,0.0005,0.01,0.0,0.9905400474724628,2.299006246253606,19.789865732192997,0.545127476626848,0.9977002224871536,1.2465151473469842,0.9935014952312404,10.0,full
yacht,outer_1,streed_s,4,246.0,3,0.0005,0.001,0.0,0.9905400474724628,2.299006246253606,19.81114387512207,0.545127476626848,0.9977002224871536,1.2465151473469842,0.9935014952312404,10.0,full
yacht,outer_1,streed_s,4,246.0,3,0.0005,0.0001,0.0,0.9905400474724628,2.299006246253606,19.92226266860962,0.545127476626848,0.9977002224871536,1.2465151473469842,0.9935014952312404,10.0,full
yacht,outer_1,streed_s,4,246.0,3,0.0005,1e-05,0.0,0.9905400474724628,2.299006246253606,19.81368136405945,0.545127476626848,0.9977002224871536,1.2465151473469842,0.9935014952312404,10.0,full
yacht,outer_1,streed_s,4,246.0,3,0.0001,0.1,0.0,0.9891092067951904,2.51778286005902,28.84461736679077,0.4167877006394377,0.9982416608542782,1.682689479326465,0.9912275710174738,13.0,full
yacht,outer_1,streed_s,4,246.0,3,0.0001,0.01,0.0,0.9891092067951904,2.51778286005902,28.90548157691956,0.4167877006394377,0.9982416608542782,1.682689479326465,0.9912275710174738,13.0,full
yacht,outer_1,streed_s,4,246.0,3,0.0001,0.001,0.0,0.9891092067951904,2.51778286005902,28.956708431243896,0.4167877006394377,0.9982416608542782,1.682689479326465,0.9912275710174738,13.0,full
yacht,outer_1,streed_s,4,246.0,3,0.0001,0.0001,0.0,0.9891092067951904,2.51778286005902,28.929747581481934,0.4167877006394377,0.9982416608542782,1.682689479326465,0.9912275710174738,13.0,full
yacht,outer_1,streed_s,4,246.0,3,0.0001,1e-05,0.0,0.9891092067951904,2.51778286005902,28.988085746765137,0.4167877006394377,0.9982416608542782,1.682689479326465,0.9912275710174738,13.0,full
yacht,outer_2,streed_s,4,246.0,3,0.1,0.1,0.0,0.9839136738382324,3.284389932868427,0.0031301975250244,3.1818393022199603,0.9848990749741822,9.997686426493695,0.9664064520804322,2.0,full
yacht,outer_2,streed_s,4,246.0,3,0.1,0.01,0.0,0.9839136738382324,3.284389932868427,0.0031447410583496,3.1818393022199603,0.9848990749741822,9.997686426493695,0.9664064520804322,2.0,full
yacht,outer_2,streed_s,4,246.0,3,0.1,0.001,0.0,0.9839136738382324,3.284389932868427,0.0031566619873046,3.1818393022199603,0.9848990749741822,9.997686426493695,0.9664064520804322,2.0,full
yacht,outer_2,streed_s,4,246.0,3,0.1,0.0001,0.0,0.9839136738382324,3.284389932868427,0.0031661987304687,3.1818393022199603,0.9848990749741822,9.997686426493695,0.9664064520804322,2.0,full
yacht,outer_2,streed_s,4,246.0,3,0.1,1e-05,0.0,0.9839136738382324,3.284389932868427,0.0031614303588867,3.1818393022199603,0.9848990749741822,9.997686426493695,0.9664064520804322,2.0,full
yacht,outer_2,streed_s,4,246.0,3,0.08,0.1,0.0,0.9839136738382324,3.284389932868427,0.0031752586364746,3.1818393022199603,0.9848990749741822,9.997686426493695,0.9664064520804322,2.0,full
yacht,outer_2,streed_s,4,246.0,3,0.08,0.01,0.0,0.9839136738382324,3.284389932868427,0.0031659603118896,3.1818393022199603,0.9848990749741822,9.997686426493695,0.9664064520804322,2.0,full
yacht,outer_2,streed_s,4,246.0,3,0.08,0.001,0.0,0.9839136738382324,3.284389932868427,0.0031754970550537,3.1818393022199603,0.9848990749741822,9.997686426493695,0.9664064520804322,2.0,full
yacht,outer_2,streed_s,4,246.0,3,0.08,0.0001,0.0,0.9839136738382324,3.284389932868427,0.0031681060791015,3.1818393022199603,0.9848990749741822,9.997686426493695,0.9664064520804322,2.0,full
yacht,outer_2,streed_s,4,246.0,3,0.08,1e-05,0.0,0.9839136738382324,3.284389932868427,0.0031805038452148,3.1818393022199603,0.9848990749741822,9.997686426493695,0.9664064520804322,2.0,full
yacht,outer_2,streed_s,4,246.0,3,0.05,0.1,0.0,0.9839136738382324,3.284389932868427,0.0031673908233642,3.1818393022199603,0.9848990749741822,9.997686426493695,0.9664064520804322,2.0,full
yacht,outer_2,streed_s,4,246.0,3,0.05,0.01,0.0,0.9839136738382324,3.284389932868427,0.0031688213348388,3.1818393022199603,0.9848990749741822,9.997686426493695,0.9664064520804322,2.0,full
yacht,outer_2,streed_s,4,246.0,3,0.05,0.001,0.0,0.9839136738382324,3.284389932868427,0.0032169818878173,3.1818393022199603,0.9848990749741822,9.997686426493695,0.9664064520804322,2.0,full
yacht,outer_2,streed_s,4,246.0,3,0.05,0.0001,0.0,0.9839136738382324,3.284389932868427,0.0031766891479492,3.1818393022199603,0.9848990749741822,9.997686426493695,0.9664064520804322,2.0,full
yacht,outer_2,streed_s,4,246.0,3,0.05,1e-05,0.0,0.9839136738382324,3.284389932868427,0.0031795501708984,3.1818393022199603,0.9848990749741822,9.997686426493695,0.9664064520804322,2.0,full
yacht,outer_2,streed_s,4,246.0,3,0.03,0.1,0.0,0.9839136738382324,3.284389932868427,0.0031840801239013,3.1818393022199603,0.9848990749741822,9.997686426493695,0.9664064520804322,2.0,full
yacht,outer_2,streed_s,4,246.0,3,0.03,0.01,0.0,0.9839136738382324,3.284389932868427,0.0031712055206298,3.1818393022199603,0.9848990749741822,9.997686426493695,0.9664064520804322,2.0,full
yacht,outer_2,streed_s,4,246.0,3,0.03,0.001,0.0,0.9839136738382324,3.284389932868427,0.0031890869140625,3.1818393022199603,0.9848990749741822,9.997686426493695,0.9664064520804322,2.0,full
yacht,outer_2,streed_s,4,246.0,3,0.03,0.0001,0.0,0.9839136738382324,3.284389932868427,0.0032074451446533,3.1818393022199603,0.9848990749741822,9.997686426493695,0.9664064520804322,2.0,full
yacht,outer_2,streed_s,4,246.0,3,0.03,1e-05,0.0,0.9839136738382324,3.284389932868427,0.0032033920288085,3.1818393022199603,0.9848990749741822,9.997686426493695,0.9664064520804322,2.0,full
yacht,outer_2,streed_s,4,246.0,3,0.01,0.1,0.0,0.9839136738382324,3.284389932868427,0.020294189453125,3.1818393022199603,0.9848990749741822,9.997686426493695,0.9664064520804322,2.0,full
yacht,outer_2,streed_s,4,246.0,3,0.01,0.01,0.0,0.9839136738382324,3.284389932868427,0.0202827453613281,3.1818393022199603,0.9848990749741822,9.997686426493695,0.9664064520804322,2.0,full
yacht,outer_2,streed_s,4,246.0,3,0.01,0.001,0.0,0.9839136738382324,3.284389932868427,0.0203058719635009,3.1818393022199603,0.9848990749741822,9.997686426493695,0.9664064520804322,2.0,full
yacht,outer_2,streed_s,4,246.0,3,0.01,0.0001,0.0,0.9839136738382324,3.284389932868427,0.0202596187591552,3.1818393022199603,0.9848990749741822,9.997686426493695,0.9664064520804322,2.0,full
yacht,outer_2,streed_s,4,246.0,3,0.01,1e-05,0.0,0.9839136738382324,3.284389932868427,0.020496129989624,3.1818393022199603,0.9848990749741822,9.997686426493695,0.9664064520804322,2.0,full
yacht,outer_2,streed_s,4,246.0,3,0.008,0.1,0.0,0.9847842892210156,3.0624182569100835,0.0203320980072021,3.1818393022199603,0.9848990749741822,9.997686426493695,0.9664064520804322,2.0,full
yacht,outer_2,streed_s,4,246.0,3,0.008,0.01,0.0,0.9847842892210156,3.0624182569100835,0.0203156471252441,3.1818393022199603,0.9848990749741822,9.997686426493695,0.9664064520804322,2.0,full
yacht,outer_2,streed_s,4,246.0,3,0.008,0.001,0.0,0.9847842892210156,3.0624182569100835,0.020329475402832,3.1818393022199603,0.9848990749741822,9.997686426493695,0.9664064520804322,2.0,full
yacht,outer_2,streed_s,4,246.0,3,0.008,0.0001,0.0,0.9847842892210156,3.0624182569100835,0.0203180313110351,3.1818393022199603,0.9848990749741822,9.997686426493695,0.9664064520804322,2.0,full
yacht,outer_2,streed_s,4,246.0,3,0.008,1e-05,0.0,0.9847842892210156,3.0624182569100835,0.0202646255493164,3.1818393022199603,0.9848990749741822,9.997686426493695,0.9664064520804322,2.0,full
yacht,outer_2,streed_s,4,246.0,3,0.005,0.1,0.0,0.9869940371069,2.675122854890543,0.4351184368133545,1.7921708230319309,0.9914944047572796,7.496578935975634,0.9748105038530556,3.0,full
yacht,outer_2,streed_s,4,246.0,3,0.005,0.01,0.0,0.9869940371069,2.675122854890543,0.4366459846496582,1.7921708230319309,0.9914944047572796,7.496578935975634,0.9748105038530556,3.0,full
yacht,outer_2,streed_s,4,246.0,3,0.005,0.001,0.0,0.9869940371069,2.675122854890543,0.4366562366485595,1.7921708230319309,0.9914944047572796,7.496578935975634,0.9748105038530556,3.0,full
yacht,outer_2,streed_s,4,246.0,3,0.005,0.0001,0.0,0.9869940371069,2.675122854890543,0.4363720417022705,1.7921708230319309,0.9914944047572796,7.496578935975634,0.9748105038530556,3.0,full
yacht,outer_2,streed_s,4,246.0,3,0.005,1e-05,0.0,0.9869940371069,2.675122854890543,0.437861680984497,1.7921708230319309,0.9914944047572796,7.496578935975634,0.9748105038530556,3.0,full
yacht,outer_2,streed_s,4,246.0,3,0.003,0.1,0.0,0.9906765416197212,1.9481767182995269,2.902089357376098,1.7921708230319309,0.9914944047572796,7.496578935975634,0.9748105038530556,3.0,full
yacht,outer_2,streed_s,4,246.0,3,0.003,0.01,0.0,0.9906765416197212,1.9481767182995269,2.900716781616211,1.7921708230319309,0.9914944047572796,7.496578935975634,0.9748105038530556,3.0,full
yacht,outer_2,streed_s,4,246.0,3,0.003,0.001,0.0,0.9906765416197212,1.9481767182995269,2.898067712783813,1.7921708230319309,0.9914944047572796,7.496578935975634,0.9748105038530556,3.0,full
yacht,outer_2,streed_s,4,246.0,3,0.003,0.0001,0.0,0.9906765416197212,1.9481767182995269,2.9007785320281982,1.7921708230319309,0.9914944047572796,7.496578935975634,0.9748105038530556,3.0,full
yacht,outer_2,streed_s,4,246.0,3,0.003,1e-05,0.0,0.9906765416197212,1.9481767182995269,2.8954169750213623,1.7921708230319309,0.9914944047572796,7.496578935975634,0.9748105038530556,3.0,full
yacht,outer_2,streed_s,4,246.0,3,0.001,0.1,0.0,0.9937433122148732,1.3158302598202474,17.83894419670105,0.893914414536484,0.995757505872784,3.826917086823997,0.9871410527339852,5.0,full
yacht,outer_2,streed_s,4,246.0,3,0.001,0.01,0.0,0.9937433122148732,1.3158302598202474,17.782066345214844,0.893914414536484,0.995757505872784,3.826917086823997,0.9871410527339852,5.0,full
yacht,outer_2,streed_s,4,246.0,3,0.001,0.001,0.0,0.9937433122148732,1.3158302598202474,17.922623872756958,0.893914414536484,0.995757505872784,3.826917086823997,0.9871410527339852,5.0,full
yacht,outer_2,streed_s,4,246.0,3,0.001,0.0001,0.0,0.9937433122148732,1.3158302598202474,17.826661825180054,0.893914414536484,0.995757505872784,3.826917086823997,0.9871410527339852,5.0,full
yacht,outer_2,streed_s,4,246.0,3,0.001,1e-05,0.0,0.9937433122148732,1.3158302598202474,17.812639236450195,0.893914414536484,0.995757505872784,3.826917086823997,0.9871410527339852,5.0,full
yacht,outer_2,streed_s,4,246.0,3,0.0005,0.1,0.0,0.9942796183092704,1.2157504960630838,18.91747450828552,0.5849406080821079,0.997223887371986,3.25723596810596,0.9890552565951718,7.0,full
yacht,outer_2,streed_s,4,246.0,3,0.0005,0.01,0.0,0.9942796183092704,1.2157504960630838,18.87683916091919,0.5849406080821079,0.997223887371986,3.25723596810596,0.9890552565951718,7.0,full
yacht,outer_2,streed_s,4,246.0,3,0.0005,0.001,0.0,0.9942796183092704,1.2157504960630838,18.926172494888306,0.5849406080821079,0.997223887371986,3.25723596810596,0.9890552565951718,7.0,full
yacht,outer_2,streed_s,4,246.0,3,0.0005,0.0001,0.0,0.9942796183092704,1.2157504960630838,18.86185622215271,0.5849406080821079,0.997223887371986,3.25723596810596,0.9890552565951718,7.0,full
yacht,outer_2,streed_s,4,246.0,3,0.0005,1e-05,0.0,0.9942796183092704,1.2157504960630838,18.90895700454712,0.5849406080821079,0.997223887371986,3.25723596810596,0.9890552565951718,7.0,full
yacht,outer_2,streed_s,4,246.0,3,0.0001,0.1,0.0,0.9900203240617927,1.9675313117634756,29.01598882675171,0.3105714620501739,0.99852603606967,3.878818909339588,0.986966655749782,12.0,full
yacht,outer_2,streed_s,4,246.0,3,0.0001,0.01,0.0,0.9900203240617927,1.9675313117634756,28.784438848495483,0.3105714620501739,0.99852603606967,3.878818909339588,0.986966655749782,12.0,full
yacht,outer_2,streed_s,4,246.0,3,0.0001,0.001,0.0,0.9900203240617927,1.9675313117634756,29.131432056427,0.3105714620501739,0.99852603606967,3.878818909339588,0.986966655749782,12.0,full
yacht,outer_2,streed_s,4,246.0,3,0.0001,0.0001,0.0,0.9900203240617927,1.9675313117634756,28.98949408531189,0.3105714620501739,0.99852603606967,3.878818909339588,0.986966655749782,12.0,full
yacht,outer_2,streed_s,4,246.0,3,0.0001,1e-05,0.0,0.9900203240617927,1.9675313117634756,29.12395977973938,0.3105714620501739,0.99852603606967,3.878818909339588,0.986966655749782,12.0,full
yacht,outer_3,streed_s,4,247.0,3,0.1,0.1,0.0,0.9763368419408552,5.418711836139853,0.0030510425567626,4.5179256603549645,0.9801039726292684,4.213856133533921,0.9820815821840946,2.0,full
yacht,outer_3,streed_s,4,247.0,3,0.1,0.01,0.0,0.9763368419408552,5.418711836139853,0.0030722618103027,4.5179256603549645,0.9801039726292684,4.213856133533921,0.9820815821840946,2.0,full
yacht,outer_3,streed_s,4,247.0,3,0.1,0.001,0.0,0.9763368419408552,5.418711836139853,0.0030770301818847,4.5179256603549645,0.9801039726292684,4.213856133533921,0.9820815821840946,2.0,full
yacht,outer_3,streed_s,4,247.0,3,0.1,0.0001,0.0,0.9763368419408552,5.418711836139853,0.0031476020812988,4.5179256603549645,0.9801039726292684,4.213856133533921,0.9820815821840946,2.0,full
yacht,outer_3,streed_s,4,247.0,3,0.1,1e-05,0.0,0.9763368419408552,5.418711836139853,0.0031442642211914,4.5179256603549645,0.9801039726292684,4.213856133533921,0.9820815821840946,2.0,full
yacht,outer_3,streed_s,4,247.0,3,0.08,0.1,0.0,0.9763368419408552,5.418711836139853,0.0031328201293945,4.5179256603549645,0.9801039726292684,4.213856133533921,0.9820815821840946,2.0,full
yacht,outer_3,streed_s,4,247.0,3,0.08,0.01,0.0,0.9763368419408552,5.418711836139853,0.0030913352966308,4.5179256603549645,0.9801039726292684,4.213856133533921,0.9820815821840946,2.0,full
yacht,outer_3,streed_s,4,247.0,3,0.08,0.001,0.0,0.9763368419408552,5.418711836139853,0.0031037330627441,4.5179256603549645,0.9801039726292684,4.213856133533921,0.9820815821840946,2.0,full
yacht,outer_3,streed_s,4,247.0,3,0.08,0.0001,0.0,0.9763368419408552,5.418711836139853,0.0031030178070068,4.5179256603549645,0.9801039726292684,4.213856133533921,0.9820815821840946,2.0,full
yacht,outer_3,streed_s,4,247.0,3,0.08,1e-05,0.0,0.9763368419408552,5.418711836139853,0.0031063556671142,4.5179256603549645,0.9801039726292684,4.213856133533921,0.9820815821840946,2.0,full
yacht,outer_3,streed_s,4,247.0,3,0.05,0.1,0.0,0.9763368419408552,5.418711836139853,0.0031299591064453,4.5179256603549645,0.9801039726292684,4.213856133533921,0.9820815821840946,2.0,full
yacht,outer_3,streed_s,4,247.0,3,0.05,0.01,0.0,0.9763368419408552,5.418711836139853,0.0031149387359619,4.5179256603549645,0.9801039726292684,4.213856133533921,0.9820815821840946,2.0,full
yacht,outer_3,streed_s,4,247.0,3,0.05,0.001,0.0,0.9763368419408552,5.418711836139853,0.0031056404113769,4.5179256603549645,0.9801039726292684,4.213856133533921,0.9820815821840946,2.0,full
yacht,outer_3,streed_s,4,247.0,3,0.05,0.0001,0.0,0.9763368419408552,5.418711836139853,0.0031075477600097,4.5179256603549645,0.9801039726292684,4.213856133533921,0.9820815821840946,2.0,full
yacht,outer_3,streed_s,4,247.0,3,0.05,1e-05,0.0,0.9763368419408552,5.418711836139853,0.0031497478485107,4.5179256603549645,0.9801039726292684,4.213856133533921,0.9820815821840946,2.0,full
yacht,outer_3,streed_s,4,247.0,3,0.03,0.1,0.0,0.9763368419408552,5.418711836139853,0.0031211376190185,4.5179256603549645,0.9801039726292684,4.213856133533921,0.9820815821840946,2.0,full
yacht,outer_3,streed_s,4,247.0,3,0.03,0.01,0.0,0.9763368419408552,5.418711836139853,0.0031158924102783,4.5179256603549645,0.9801039726292684,4.213856133533921,0.9820815821840946,2.0,full
yacht,outer_3,streed_s,4,247.0,3,0.03,0.001,0.0,0.9763368419408552,5.418711836139853,0.0031249523162841,4.5179256603549645,0.9801039726292684,4.213856133533921,0.9820815821840946,2.0,full
yacht,outer_3,streed_s,4,247.0,3,0.03,0.0001,0.0,0.9763368419408552,5.418711836139853,0.003117561340332,4.5179256603549645,0.9801039726292684,4.213856133533921,0.9820815821840946,2.0,full
yacht,outer_3,streed_s,4,247.0,3,0.03,1e-05,0.0,0.9763368419408552,5.418711836139853,0.0031318664550781,4.5179256603549645,0.9801039726292684,4.213856133533921,0.9820815821840946,2.0,full
yacht,outer_3,streed_s,4,247.0,3,0.01,0.1,0.0,0.9773361296634722,5.223971193680915,0.0209236145019531,4.5179256603549645,0.9801039726292684,4.213856133533921,0.9820815821840946,2.0,full
yacht,outer_3,streed_s,4,247.0,3,0.01,0.01,0.0,0.9773361296634722,5.223971193680915,0.0206499099731445,4.5179256603549645,0.9801039726292684,4.213856133533921,0.9820815821840946,2.0,full
yacht,outer_3,streed_s,4,247.0,3,0.01,0.001,0.0,0.9773361296634722,5.223971193680915,0.0207388401031494,4.5179256603549645,0.9801039726292684,4.213856133533921,0.9820815821840946,2.0,full
yacht,outer_3,streed_s,4,247.0,3,0.01,0.0001,0.0,0.9773361296634722,5.223971193680915,0.020740270614624,4.5179256603549645,0.9801039726292684,4.213856133533921,0.9820815821840946,2.0,full
yacht,outer_3,streed_s,4,247.0,3,0.01,1e-05,0.0,0.9773361296634722,5.223971193680915,0.0211076736450195,4.5179256603549645,0.9801039726292684,4.213856133533921,0.9820815821840946,2.0,full
yacht,outer_3,streed_s,4,247.0,3,0.008,0.1,0.0,0.9801563535137054,4.625540952510351,0.4514892101287842,2.635865739249538,0.988392182422594,2.530777191563832,0.9892384738158172,3.0,full
yacht,outer_3,streed_s,4,247.0,3,0.008,0.01,0.0,0.9801563535137054,4.625540952510351,0.4536440372467041,2.635865739249538,0.988392182422594,2.530777191563832,0.9892384738158172,3.0,full
yacht,outer_3,streed_s,4,247.0,3,0.008,0.001,0.0,0.9801563535137054,4.625540952510351,0.4517486095428467,2.635865739249538,0.988392182422594,2.530777191563832,0.9892384738158172,3.0,full
yacht,outer_3,streed_s,4,247.0,3,0.008,0.0001,0.0,0.9801563535137054,4.625540952510351,0.4527685642242431,2.635865739249538,0.988392182422594,2.530777191563832,0.9892384738158172,3.0,full
yacht,outer_3,streed_s,4,247.0,3,0.008,1e-05,0.0,0.9801563535137054,4.625540952510351,0.453747034072876,2.635865739249538,0.988392182422594,2.530777191563832,0.9892384738158172,3.0,full
yacht,outer_3,streed_s,4,247.0,3,0.005,0.1,0.0,0.9853844410799066,3.2060464440754024,2.836199760437012,1.4555018028291202,0.9935902655589596,1.869291947398651,0.9920512819916074,4.0,full
yacht,outer_3,streed_s,4,247.0,3,0.005,0.01,0.0,0.9853844410799066,3.2060464440754024,2.839620351791382,1.4555018028291202,0.9935902655589596,1.869291947398651,0.9920512819916074,4.0,full
yacht,outer_3,streed_s,4,247.0,3,0.005,0.001,0.0,0.9853844410799066,3.2060464440754024,2.8440604209899902,1.4555018028291202,0.9935902655589596,1.869291947398651,0.9920512819916074,4.0,full
yacht,outer_3,streed_s,4,247.0,3,0.005,0.0001,0.0,0.9853844410799066,3.2060464440754024,2.8412678241729736,1.4555018028291202,0.9935902655589596,1.869291947398651,0.9920512819916074,4.0,full
yacht,outer_3,streed_s,4,247.0,3,0.005,1e-05,0.0,0.9853844410799066,3.2060464440754024,2.840517044067383,1.4555018028291202,0.9935902655589596,1.869291947398651,0.9920512819916074,4.0,full
yacht,outer_3,streed_s,4,247.0,3,0.003,0.1,0.0,0.9913327777777408,1.997826066196392,13.335276365280151,1.4555018028291202,0.9935902655589596,1.869291947398651,0.9920512819916074,4.0,full
yacht,outer_3,streed_s,4,247.0,3,0.003,0.01,0.0,0.9913327777777408,1.997826066196392,13.324528932571411,1.4555018028291202,0.9935902655589596,1.869291947398651,0.9920512819916074,4.0,full
yacht,outer_3,streed_s,4,247.0,3,0.003,0.001,0.0,0.9913327777777408,1.997826066196392,13.345226287841797,1.4555018028291202,0.9935902655589596,1.869291947398651,0.9920512819916074,4.0,full
yacht,outer_3,streed_s,4,247.0,3,0.003,0.0001,0.0,0.9913327777777408,1.997826066196392,13.31433653831482,1.4555018028291202,0.9935902655589596,1.869291947398651,0.9920512819916074,4.0,full
yacht,outer_3,streed_s,4,247.0,3,0.003,1e-05,0.0,0.9913327777777408,1.997826066196392,13.385125398635864,1.4555018028291202,0.9935902655589596,1.869291947398651,0.9920512819916074,4.0,full
yacht,outer_3,streed_s,4,247.0,3,0.001,0.1,0.0,0.9889137966105171,2.604578919661966,17.09498620033264,1.195629343357049,0.994734691110696,1.851224473583776,0.9921281096132524,5.0,full
yacht,outer_3,streed_s,4,247.0,3,0.001,0.01,0.0,0.9889137966105171,2.604578919661966,17.154078722000122,1.195629343357049,0.994734691110696,1.851224473583776,0.9921281096132524,5.0,full
yacht,outer_3,streed_s,4,247.0,3,0.001,0.001,0.0,0.9889137966105171,2.604578919661966,17.138916015625,1.195629343357049,0.994734691110696,1.851224473583776,0.9921281096132524,5.0,full
yacht,outer_3,streed_s,4,247.0,3,0.001,0.0001,0.0,0.9889137966105171,2.604578919661966,17.224602937698364,1.195629343357049,0.994734691110696,1.851224473583776,0.9921281096132524,5.0,full
yacht,outer_3,streed_s,4,247.0,3,0.001,1e-05,0.0,0.9889137966105171,2.604578919661966,17.02558946609497,1.195629343357049,0.994734691110696,1.851224473583776,0.9921281096132524,5.0,full
yacht,outer_3,streed_s,4,247.0,3,0.0005,0.1,0.0,0.9886886349064828,2.6625089831561604,19.659587144851685,0.6086428020692218,0.997319660667454,1.012085637768545,0.995696347300826,9.0,full
yacht,outer_3,streed_s,4,247.0,3,0.0005,0.01,0.0,0.9886886349064828,2.6625089831561604,19.63438725471497,0.6086428020692218,0.997319660667454,1.012085637768545,0.995696347300826,9.0,full
yacht,outer_3,streed_s,4,247.0,3,0.0005,0.001,0.0,0.9886886349064828,2.6625089831561604,19.71123456954956,0.6086428020692218,0.997319660667454,1.012085637768545,0.995696347300826,9.0,full
yacht,outer_3,streed_s,4,247.0,3,0.0005,0.0001,0.0,0.9886886349064828,2.6625089831561604,19.603237867355347,0.6086428020692218,0.997319660667454,1.012085637768545,0.995696347300826,9.0,full
yacht,outer_3,streed_s,4,247.0,3,0.0005,1e-05,0.0,0.9886886349064828,2.6625089831561604,19.735442638397217,0.6086428020692218,0.997319660667454,1.012085637768545,0.995696347300826,9.0,full
yacht,outer_3,streed_s,4,247.0,3,0.0001,0.1,0.0,0.9903383286938932,2.141709286935433,29.82527565956116,0.462764323849433,0.9979620798690204,4.24539685993272,0.9819474627704456,12.0,full
yacht,outer_3,streed_s,4,247.0,3,0.0001,0.01,0.0,0.9903383286938932,2.141709286935433,29.878321647644043,0.462764323849433,0.9979620798690204,4.24539685993272,0.9819474627704456,12.0,full
yacht,outer_3,streed_s,4,247.0,3,0.0001,0.001,0.0,0.9903383286938932,2.141709286935433,29.91201853752136,0.462764323849433,0.9979620798690204,4.24539685993272,0.9819474627704456,12.0,full
yacht,outer_3,streed_s,4,247.0,3,0.0001,0.0001,0.0,0.9903383286938932,2.141709286935433,29.802181482315063,0.462764323849433,0.9979620798690204,4.24539685993272,0.9819474627704456,12.0,full
yacht,outer_3,streed_s,4,247.0,3,0.0001,1e-05,0.0,0.9903383286938932,2.141709286935433,29.84669256210327,0.462764323849433,0.9979620798690204,4.24539685993272,0.9819474627704456,12.0,full
yacht,outer_4,streed_s,4,247.0,3,0.1,0.1,0.0,0.9788285660722912,4.890080019892554,0.0032281875610351,4.687249553254383,0.9800547680611064,3.275543238065256,0.9840055884468728,2.0,full
yacht,outer_4,streed_s,4,247.0,3,0.1,0.01,0.0,0.9788285660722912,4.890080019892554,0.0030937194824218,4.687249553254383,0.9800547680611064,3.275543238065256,0.9840055884468728,2.0,full
yacht,outer_4,streed_s,4,247.0,3,0.1,0.001,0.0,0.9788285660722912,4.890080019892554,0.0031201839447021,4.687249553254383,0.9800547680611064,3.275543238065256,0.9840055884468728,2.0,full
yacht,outer_4,streed_s,4,247.0,3,0.1,0.0001,0.0,0.9788285660722912,4.890080019892554,0.0030896663665771,4.687249553254383,0.9800547680611064,3.275543238065256,0.9840055884468728,2.0,full
yacht,outer_4,streed_s,4,247.0,3,0.1,1e-05,0.0,0.9788285660722912,4.890080019892554,0.0031354427337646,4.687249553254383,0.9800547680611064,3.275543238065256,0.9840055884468728,2.0,full
yacht,outer_4,streed_s,4,247.0,3,0.08,0.1,0.0,0.9788285660722912,4.890080019892554,0.0031359195709228,4.687249553254383,0.9800547680611064,3.275543238065256,0.9840055884468728,2.0,full
yacht,outer_4,streed_s,4,247.0,3,0.08,0.01,0.0,0.9788285660722912,4.890080019892554,0.0031421184539794,4.687249553254383,0.9800547680611064,3.275543238065256,0.9840055884468728,2.0,full
yacht,outer_4,streed_s,4,247.0,3,0.08,0.001,0.0,0.9788285660722912,4.890080019892554,0.0031406879425048,4.687249553254383,0.9800547680611064,3.275543238065256,0.9840055884468728,2.0,full
yacht,outer_4,streed_s,4,247.0,3,0.08,0.0001,0.0,0.9788285660722912,4.890080019892554,0.0031423568725585,4.687249553254383,0.9800547680611064,3.275543238065256,0.9840055884468728,2.0,full
yacht,outer_4,streed_s,4,247.0,3,0.08,1e-05,0.0,0.9788285660722912,4.890080019892554,0.0031437873840332,4.687249553254383,0.9800547680611064,3.275543238065256,0.9840055884468728,2.0,full
yacht,outer_4,streed_s,4,247.0,3,0.05,0.1,0.0,0.9788285660722912,4.890080019892554,0.0031511783599853,4.687249553254383,0.9800547680611064,3.275543238065256,0.9840055884468728,2.0,full
yacht,outer_4,streed_s,4,247.0,3,0.05,0.01,0.0,0.9788285660722912,4.890080019892554,0.0031826496124267,4.687249553254383,0.9800547680611064,3.275543238065256,0.9840055884468728,2.0,full
yacht,outer_4,streed_s,4,247.0,3,0.05,0.001,0.0,0.9788285660722912,4.890080019892554,0.0031671524047851,4.687249553254383,0.9800547680611064,3.275543238065256,0.9840055884468728,2.0,full
yacht,outer_4,streed_s,4,247.0,3,0.05,0.0001,0.0,0.9788285660722912,4.890080019892554,0.003119945526123,4.687249553254383,0.9800547680611064,3.275543238065256,0.9840055884468728,2.0,full
yacht,outer_4,streed_s,4,247.0,3,0.05,1e-05,0.0,0.9788285660722912,4.890080019892554,0.0032668113708496,4.687249553254383,0.9800547680611064,3.275543238065256,0.9840055884468728,2.0,full
yacht,outer_4,streed_s,4,247.0,3,0.03,0.1,0.0,0.9788285660722912,4.890080019892554,0.0034754276275634,4.687249553254383,0.9800547680611064,3.275543238065256,0.9840055884468728,2.0,full
yacht,outer_4,streed_s,4,247.0,3,0.03,0.01,0.0,0.9788285660722912,4.890080019892554,0.0035297870635986,4.687249553254383,0.9800547680611064,3.275543238065256,0.9840055884468728,2.0,full
yacht,outer_4,streed_s,4,247.0,3,0.03,0.001,0.0,0.9788285660722912,4.890080019892554,0.0035097599029541,4.687249553254383,0.9800547680611064,3.275543238065256,0.9840055884468728,2.0,full
yacht,outer_4,streed_s,4,247.0,3,0.03,0.0001,0.0,0.9788285660722912,4.890080019892554,0.0035121440887451,4.687249553254383,0.9800547680611064,3.275543238065256,0.9840055884468728,2.0,full
yacht,outer_4,streed_s,4,247.0,3,0.03,1e-05,0.0,0.9788285660722912,4.890080019892554,0.0035202503204345,4.687249553254383,0.9800547680611064,3.275543238065256,0.9840055884468728,2.0,full
yacht,outer_4,streed_s,4,247.0,3,0.01,0.1,0.0,0.9709010525952136,6.5901618745104855,0.0210258960723876,4.687249553254383,0.9800547680611064,3.275543238065256,0.9840055884468728,2.0,full
yacht,outer_4,streed_s,4,247.0,3,0.01,0.01,0.0,0.9709010525952136,6.5901618745104855,0.020883560180664,4.687249553254383,0.9800547680611064,3.275543238065256,0.9840055884468728,2.0,full
yacht,outer_4,streed_s,4,247.0,3,0.01,0.001,0.0,0.9709010525952136,6.5901618745104855,0.0210795402526855,4.687249553254383,0.9800547680611064,3.275543238065256,0.9840055884468728,2.0,full
yacht,outer_4,streed_s,4,247.0,3,0.01,0.0001,0.0,0.9709010525952136,6.5901618745104855,0.0210545063018798,4.687249553254383,0.9800547680611064,3.275543238065256,0.9840055884468728,2.0,full
yacht,outer_4,streed_s,4,247.0,3,0.01,1e-05,0.0,0.9709010525952136,6.5901618745104855,0.0209574699401855,4.687249553254383,0.9800547680611064,3.275543238065256,0.9840055884468728,2.0,full
yacht,outer_4,streed_s,4,247.0,3,0.008,0.1,0.0,0.9709010525952136,6.5901618745104855,0.4375476837158203,2.726187833431076,0.988399497822978,2.047992663696359,0.9899996931378344,3.0,full
yacht,outer_4,streed_s,4,247.0,3,0.008,0.01,0.0,0.9709010525952136,6.5901618745104855,0.4380490779876709,2.726187833431076,0.988399497822978,2.047992663696359,0.9899996931378344,3.0,full
yacht,outer_4,streed_s,4,247.0,3,0.008,0.001,0.0,0.9709010525952136,6.5901618745104855,0.439744234085083,2.726187833431076,0.988399497822978,2.047992663696359,0.9899996931378344,3.0,full
yacht,outer_4,streed_s,4,247.0,3,0.008,0.0001,0.0,0.9709010525952136,6.5901618745104855,0.4379477500915527,2.726187833431076,0.988399497822978,2.047992663696359,0.9899996931378344,3.0,full
yacht,outer_4,streed_s,4,247.0,3,0.008,1e-05,0.0,0.9709010525952136,6.5901618745104855,0.4373481273651123,2.726187833431076,0.988399497822978,2.047992663696359,0.9899996931378344,3.0,full
yacht,outer_4,streed_s,4,247.0,3,0.005,0.1,0.0,0.9862163613751592,3.178723171351807,2.880746603012085,1.4633543865537362,0.9937731195412144,2.811041004751593,0.9862737434816248,4.0,full
yacht,outer_4,streed_s,4,247.0,3,0.005,0.01,0.0,0.9862163613751592,3.178723171351807,2.8717856407165527,1.4633543865537362,0.9937731195412144,2.811041004751593,0.9862737434816248,4.0,full
yacht,outer_4,streed_s,4,247.0,3,0.005,0.001,0.0,0.9862163613751592,3.178723171351807,2.878370523452759,1.4633543865537362,0.9937731195412144,2.811041004751593,0.9862737434816248,4.0,full
yacht,outer_4,streed_s,4,247.0,3,0.005,0.0001,0.0,0.9862163613751592,3.178723171351807,2.8835949897766118,1.4633543865537362,0.9937731195412144,2.811041004751593,0.9862737434816248,4.0,full
yacht,outer_4,streed_s,4,247.0,3,0.005,1e-05,0.0,0.9862163613751592,3.178723171351807,2.881601095199585,1.4633543865537362,0.9937731195412144,2.811041004751593,0.9862737434816248,4.0,full
yacht,outer_4,streed_s,4,247.0,3,0.003,0.1,0.0,0.9900238753351756,2.341196293980933,13.05736517906189,1.4633543865537362,0.9937731195412144,2.811041004751593,0.9862737434816248,4.0,full
yacht,outer_4,streed_s,4,247.0,3,0.003,0.01,0.0,0.9900238753351756,2.341196293980933,13.026946783065796,1.4633543865537362,0.9937731195412144,2.811041004751593,0.9862737434816248,4.0,full
yacht,outer_4,streed_s,4,247.0,3,0.003,0.001,0.0,0.9900238753351756,2.341196293980933,13.042474508285522,1.4633543865537362,0.9937731195412144,2.811041004751593,0.9862737434816248,4.0,full
yacht,outer_4,streed_s,4,247.0,3,0.003,0.0001,0.0,0.9900238753351756,2.341196293980933,13.03813409805298,1.4633543865537362,0.9937731195412144,2.811041004751593,0.9862737434816248,4.0,full
yacht,outer_4,streed_s,4,247.0,3,0.003,1e-05,0.0,0.9900238753351756,2.341196293980933,13.02961015701294,1.4633543865537362,0.9937731195412144,2.811041004751593,0.9862737434816248,4.0,full
yacht,outer_4,streed_s,4,247.0,3,0.001,0.1,0.0,0.9883921599240768,2.6723657969056003,15.421326637268066,0.9437087367119252,0.9959843209919532,1.7226391819490852,0.9915883876257698,6.0,full
yacht,outer_4,streed_s,4,247.0,3,0.001,0.01,0.0,0.9883921599240768,2.6723657969056003,15.439396142959597,0.9437087367119252,0.9959843209919532,1.7226391819490852,0.9915883876257698,6.0,full
yacht,outer_4,streed_s,4,247.0,3,0.001,0.001,0.0,0.9883921599240768,2.6723657969056003,15.500754833221436,0.9437087367119252,0.9959843209919532,1.7226391819490852,0.9915883876257698,6.0,full
yacht,outer_4,streed_s,4,247.0,3,0.001,0.0001,0.0,0.9883921599240768,2.6723657969056003,15.450340986251833,0.9437087367119252,0.9959843209919532,1.7226391819490852,0.9915883876257698,6.0,full
yacht,outer_4,streed_s,4,247.0,3,0.001,1e-05,0.0,0.9883921599240768,2.6723657969056003,15.391579151153564,0.9437087367119252,0.9959843209919532,1.7226391819490852,0.9915883876257698,6.0,full
yacht,outer_4,streed_s,4,247.0,3,0.0005,0.1,0.0,0.9892177383259934,2.46913217437522,18.64697575569153,0.8022650084432896,0.9965861937820762,1.2713544559190326,0.993792001839096,7.0,full
yacht,outer_4,streed_s,4,247.0,3,0.0005,0.01,0.0,0.9892177383259934,2.46913217437522,18.60413789749145,0.8022650084432896,0.9965861937820762,1.2713544559190326,0.993792001839096,7.0,full
yacht,outer_4,streed_s,4,247.0,3,0.0005,0.001,0.0,0.9892177383259934,2.46913217437522,18.608566522598267,0.8022650084432896,0.9965861937820762,1.2713544559190326,0.993792001839096,7.0,full
yacht,outer_4,streed_s,4,247.0,3,0.0005,0.0001,0.0,0.9892177383259934,2.46913217437522,18.589491605758667,0.8022650084432896,0.9965861937820762,1.2713544559190326,0.993792001839096,7.0,full
yacht,outer_4,streed_s,4,247.0,3,0.0005,1e-05,0.0,0.9892177383259934,2.46913217437522,18.63803720474243,0.8022650084432896,0.9965861937820762,1.2713544559190326,0.993792001839096,7.0,full
yacht,outer_4,streed_s,4,247.0,3,0.0001,0.1,0.0,0.9862900384889888,3.0771143740434224,30.43255972862244,0.4344197783237942,0.9981514525439562,2.0412914568801708,0.9900324149955326,11.0,full
yacht,outer_4,streed_s,4,247.0,3,0.0001,0.01,0.0,0.9862900384889888,3.0771143740434224,30.440174341201782,0.4344197783237942,0.9981514525439562,2.0412914568801708,0.9900324149955326,11.0,full
yacht,outer_4,streed_s,4,247.0,3,0.0001,0.001,0.0,0.9862900384889888,3.0771143740434224,30.503036737442017,0.4344197783237942,0.9981514525439562,2.0412914568801708,0.9900324149955326,11.0,full
yacht,outer_4,streed_s,4,247.0,3,0.0001,0.0001,0.0,0.9862900384889888,3.0771143740434224,30.67479372024536,0.4344197783237942,0.9981514525439562,2.0412914568801708,0.9900324149955326,11.0,full
yacht,outer_4,streed_s,4,247.0,3,0.0001,1e-05,0.0,0.9862900384889888,3.0771143740434224,30.53235101699829,0.4344197783237942,0.9981514525439562,2.0412914568801708,0.9900324149955326,11.0,full
yacht,mean,streed_s,4,,3,0.0001,1e-05,0.0,0.9892276117089974,2.4018985022077395,29.834151220321655,0.40607152492133547,0.9982308404642815,3.2487280553934177,0.9857560879602933,12.4,full
yacht,mean,streed_s,4,,3,0.0001,0.0001,0.0,0.9892276117089974,2.4018985022077395,29.801949739456177,0.40607152492133547,0.9982308404642815,3.2487280553934177,0.9857560879602933,12.4,full
yacht,mean,streed_s,4,,3,0.0001,0.001,0.0,0.9892276117089974,2.4018985022077395,29.820749282836914,0.40607152492133547,0.9982308404642815,3.2487280553934177,0.9857560879602933,12.4,full
yacht,mean,streed_s,4,,3,0.0001,0.01,0.0,0.9892276117089974,2.4018985022077395,29.732977533340453,0.40607152492133547,0.9982308404642815,3.2487280553934177,0.9857560879602933,12.4,full
yacht,mean,streed_s,4,,3,0.0001,0.1,0.0,0.9892276117089974,2.4018985022077395,29.766714763641357,0.40607152492133547,0.9982308404642815,3.2487280553934177,0.9857560879602933,12.4,full
yacht,mean,streed_s,4,,3,0.0005,1e-05,0.0,0.9904573816005108,2.2312487380170323,19.406143856048583,0.6429563461814178,0.9971924888180738,2.231439620667964,0.9901550485133,8.4,full
yacht,mean,streed_s,4,,3,0.0005,0.0001,0.0,0.9904573816005108,2.2312487380170323,19.38801951408386,0.6429563461814178,0.9971924888180738,2.231439620667964,0.9901550485133,8.4,full
yacht,mean,streed_s,4,,3,0.0005,0.001,0.0,0.9904573816005108,2.2312487380170323,19.400542306900025,0.6429563461814178,0.9971924888180738,2.231439620667964,0.9901550485133,8.4,full
yacht,mean,streed_s,4,,3,0.0005,0.01,0.0,0.9904573816005108,2.2312487380170323,19.376227807998657,0.6429563461814178,0.9971924888180738,2.231439620667964,0.9901550485133,8.4,full
yacht,mean,streed_s,4,,3,0.0005,0.1,0.0,0.9904573816005108,2.2312487380170323,19.411004066467285,0.6429563461814178,0.9971924888180738,2.231439620667964,0.9901550485133,8.4,full
yacht,mean,streed_s,4,,3,0.001,1e-05,0.0,0.9892333460814816,2.4853206110048327,16.512120723724365,1.0996538122031654,0.9952073426079145,1.814334543496369,0.9924867474676328,5.4,full
yacht,mean,streed_s,4,,3,0.001,0.0001,0.0,0.9892333460814816,2.4853206110048327,16.556909799575806,1.0996538122031654,0.9952073426079145,1.814334543496369,0.9924867474676328,5.4,full
yacht,mean,streed_s,4,,3,0.001,0.001,0.0,0.9892333460814816,2.4853206110048327,16.588865327835084,1.0996538122031654,0.9952073426079145,1.814334543496369,0.9924867474676328,5.4,full
yacht,mean,streed_s,4,,3,0.001,0.01,0.0,0.9892333460814816,2.4853206110048327,16.543236541748048,1.0996538122031654,0.9952073426079145,1.814334543496369,0.9924867474676328,5.4,full
yacht,mean,streed_s,4,,3,0.001,0.1,0.0,0.9892333460814816,2.4853206110048327,16.524295997619628,1.0996538122031654,0.9952073426079145,1.814334543496369,0.9924867474676328,5.4,full
yacht,mean,streed_s,4,,3,0.003,1e-05,0.0,0.9893185506821593,2.4029152688165256,10.335744905471802,1.6202550823981952,0.9928984547881379,2.790562426013666,0.9888353310205776,3.8,full
yacht,mean,streed_s,4,,3,0.003,0.0001,0.0,0.9893185506821593,2.4029152688165256,10.330525827407836,1.6202550823981952,0.9928984547881379,2.790562426013666,0.9888353310205776,3.8,full
yacht,mean,streed_s,4,,3,0.003,0.001,0.0,0.9893185506821593,2.4029152688165256,10.325029373168945,1.6202550823981952,0.9928984547881379,2.790562426013666,0.9888353310205776,3.8,full
yacht,mean,streed_s,4,,3,0.003,0.01,0.0,0.9893185506821593,2.4029152688165256,10.319260597229004,1.6202550823981952,0.9928984547881379,2.790562426013666,0.9888353310205776,3.8,full
yacht,mean,streed_s,4,,3,0.003,0.1,0.0,0.9893185506821593,2.4029152688165256,10.329243659973145,1.6202550823981952,0.9928984547881379,2.790562426013666,0.9888353310205776,3.8,full
yacht,mean,streed_s,4,,3,0.005,1e-05,0.0,0.9859950704924089,3.0747611353406126,2.307694673538208,1.9966096147234047,0.9913050887678863,3.4349560378867054,0.9856362657489843,3.4,full
yacht,mean,streed_s,4,,3,0.005,0.0001,0.0,0.9859950704924089,3.0747611353406126,2.309372615814209,1.9966096147234047,0.9913050887678863,3.4349560378867054,0.9856362657489843,3.4,full
yacht,mean,streed_s,4,,3,0.005,0.001,0.0,0.9859950704924089,3.0747611353406126,2.310305881500244,1.9966096147234047,0.9913050887678863,3.4349560378867054,0.9856362657489843,3.4,full
yacht,mean,streed_s,4,,3,0.005,0.01,0.0,0.9859950704924089,3.0747611353406126,2.3071616649627686,1.9966096147234047,0.9913050887678863,3.4349560378867054,0.9856362657489843,3.4,full
yacht,mean,streed_s,4,,3,0.005,0.1,0.0,0.9859950704924089,3.0747611353406126,2.3080787658691406,1.9966096147234047,0.9913050887678863,3.4349560378867054,0.9856362657489843,3.4,full
yacht,mean,streed_s,4,,3,0.008,1e-05,0.0,0.9795388661125823,4.624348497171602,0.346012020111084,2.763182787220562,0.9878716818403463,3.9148649166123066,0.9841380836905437,2.8,full
yacht,mean,streed_s,4,,3,0.008,0.0001,0.0,0.9795388661125823,4.624348497171602,0.34538946151733396,2.763182787220562,0.9878716818403463,3.9148649166123066,0.9841380836905437,2.8,full
yacht,mean,streed_s,4,,3,0.008,0.001,0.0,0.9795388661125823,4.624348497171602,0.3456884384155273,2.763182787220562,0.9878716818403463,3.9148649166123066,0.9841380836905437,2.8,full
yacht,mean,streed_s,4,,3,0.008,0.01,0.0,0.9795388661125823,4.624348497171602,0.3456131935119629,2.763182787220562,0.9878716818403463,3.9148649166123066,0.9841380836905437,2.8,full
yacht,mean,streed_s,4,,3,0.008,0.1,0.0,0.9795388661125823,4.624348497171602,0.34383621215820315,2.763182787220562,0.9878716818403463,3.9148649166123066,0.9841380836905437,2.8,full
yacht,mean,streed_s,4,,3,0.01,1e-05,0.0,0.9773467418480873,5.0579115517342474,0.02075123786926266,4.353701585950079,0.9810615484746255,4.8289940837625105,0.9798010380427297,2.0,full
yacht,mean,streed_s,4,,3,0.01,0.0001,0.0,0.9773467418480873,5.0579115517342474,0.020638036727905217,4.353701585950079,0.9810615484746255,4.8289940837625105,0.9798010380427297,2.0,full
yacht,mean,streed_s,4,,3,0.01,0.001,0.0,0.9773467418480873,5.0579115517342474,0.02062792778015132,4.353701585950079,0.9810615484746255,4.8289940837625105,0.9798010380427297,2.0,full
yacht,mean,streed_s,4,,3,0.01,0.01,0.0,0.9773467418480873,5.0579115517342474,0.020539712905883738,4.353701585950079,0.9810615484746255,4.8289940837625105,0.9798010380427297,2.0,full
yacht,mean,streed_s,4,,3,0.01,0.1,0.0,0.9773467418480873,5.0579115517342474,0.02067847251892086,4.353701585950079,0.9810615484746255,4.8289940837625105,0.9798010380427297,2.0,full
yacht,mean,streed_s,4,,3,0.03,1e-05,0.0,0.9784442550808216,4.8440797239394655,0.0033124446868895998,4.353701585950079,0.9810615484746255,4.8289940837625105,0.9798010380427297,2.0,full
yacht,mean,streed_s,4,,3,0.03,0.0001,0.0,0.9784442550808216,4.8440797239394655,0.00330762863159178,4.353701585950079,0.9810615484746255,4.8289940837625105,0.9798010380427297,2.0,full
yacht,mean,streed_s,4,,3,0.03,0.001,0.0,0.9784442550808216,4.8440797239394655,0.0033063888549804397,4.353701585950079,0.9810615484746255,4.8289940837625105,0.9798010380427297,2.0,full
yacht,mean,streed_s,4,,3,0.03,0.01,0.0,0.9784442550808216,4.8440797239394655,0.00330581665039058,4.353701585950079,0.9810615484746255,4.8289940837625105,0.9798010380427297,2.0,full
yacht,mean,streed_s,4,,3,0.03,0.1,0.0,0.9784442550808216,4.8440797239394655,0.00331897735595696,4.353701585950079,0.9810615484746255,4.8289940837625105,0.9798010380427297,2.0,full
yacht,mean,streed_s,4,,3,0.05,1e-05,0.0,0.9784442550808216,4.8440797239394655,0.0031888484954833603,4.353701585950079,0.9810615484746255,4.8289940837625105,0.9798010380427297,2.0,full
yacht,mean,streed_s,4,,3,0.05,0.0001,0.0,0.9784442550808216,4.8440797239394655,0.00314626693725582,4.353701585950079,0.9810615484746255,4.8289940837625105,0.9798010380427297,2.0,full
yacht,mean,streed_s,4,,3,0.05,0.001,0.0,0.9784442550808216,4.8440797239394655,0.0031700134277343,4.353701585950079,0.9810615484746255,4.8289940837625105,0.9798010380427297,2.0,full
yacht,mean,streed_s,4,,3,0.05,0.01,0.0,0.9784442550808216,4.8440797239394655,0.00315904617309564,4.353701585950079,0.9810615484746255,4.8289940837625105,0.9798010380427297,2.0,full
yacht,mean,streed_s,4,,3,0.05,0.1,0.0,0.9784442550808216,4.8440797239394655,0.0031445980072020998,4.353701585950079,0.9810615484746255,4.8289940837625105,0.9798010380427297,2.0,full
yacht,mean,streed_s,4,,3,0.08,1e-05,0.0,0.9784442550808216,4.8440797239394655,0.00316495895385738,4.353701585950079,0.9810615484746255,4.8289940837625105,0.9798010380427297,2.0,full
yacht,mean,streed_s,4,,3,0.08,0.0001,0.0,0.9784442550808216,4.8440797239394655,0.0031427383422851,4.353701585950079,0.9810615484746255,4.8289940837625105,0.9798010380427297,2.0,full
yacht,mean,streed_s,4,,3,0.08,0.001,0.0,0.9784442550808216,4.8440797239394655,0.00315337181091304,4.353701585950079,0.9810615484746255,4.8289940837625105,0.9798010380427297,2.0,full
yacht,mean,streed_s,4,,3,0.08,0.01,0.0,0.9784442550808216,4.8440797239394655,0.00313997268676752,4.353701585950079,0.9810615484746255,4.8289940837625105,0.9798010380427297,2.0,full
yacht,mean,streed_s,4,,3,0.08,0.1,0.0,0.9784442550808216,4.8440797239394655,0.0031445980072020998,4.353701585950079,0.9810615484746255,4.8289940837625105,0.9798010380427297,2.0,full
yacht,mean,streed_s,4,,3,0.1,1e-05,0.0,0.9784442550808216,4.8440797239394655,0.00313849449157712,4.353701585950079,0.9810615484746255,4.8289940837625105,0.9798010380427297,2.0,full
yacht,mean,streed_s,4,,3,0.1,0.0001,0.0,0.9784442550808216,4.8440797239394655,0.00313014984130854,4.353701585950079,0.9810615484746255,4.8289940837625105,0.9798010380427297,2.0,full
yacht,mean,streed_s,4,,3,0.1,0.001,0.0,0.9784442550808216,4.8440797239394655,0.0031120300292968002,4.353701585950079,0.9810615484746255,4.8289940837625105,0.9798010380427297,2.0,full
yacht,mean,streed_s,4,,3,0.1,0.01,0.0,0.9784442550808216,4.8440797239394655,0.0031072616577148,4.353701585950079,0.9810615484746255,4.8289940837625105,0.9798010380427297,2.0,full
yacht,mean,streed_s,4,,3,0.1,0.1,0.0,0.9784442550808216,4.8440797239394655,0.0031644821166991596,4.353701585950079,0.9810615484746255,4.8289940837625105,0.9798010380427297,2.0,full
yacht,std,streed_s,4,,3,0.0001,1e-05,0.0,0.001720015259291548,0.4286722675304274,0.7782570006235722,0.05756053658023283,0.00020467497098910925,1.2860501182088377,0.005369221627122698,1.140175425099138,full
yacht,std,streed_s,4,,3,0.0001,0.0001,0.0,0.001720015259291548,0.4286722675304274,0.8428141771999161,0.05756053658023283,0.00020467497098910925,1.2860501182088377,0.005369221627122698,1.140175425099138,full
yacht,std,streed_s,4,,3,0.0001,0.001,0.0,0.001720015259291548,0.4286722675304274,0.7588908442682099,0.05756053658023283,0.00020467497098910925,1.2860501182088377,0.005369221627122698,1.140175425099138,full
yacht,std,streed_s,4,,3,0.0001,0.01,0.0,0.001720015259291548,0.4286722675304274,0.8600244299395238,0.05756053658023283,0.00020467497098910925,1.2860501182088377,0.005369221627122698,1.140175425099138,full
yacht,std,streed_s,4,,3,0.0001,0.1,0.0,0.001720015259291548,0.4286722675304274,0.8306815936786568,0.05756053658023283,0.00020467497098910925,1.2860501182088377,0.005369221627122698,1.140175425099138,full
yacht,std,streed_s,4,,3,0.0005,1e-05,0.0,0.002240828099366303,0.5822409306229546,0.5896978308776296,0.10055430593640621,0.0004019162793112924,1.5003659559559663,0.006835023182470156,1.3416407864998738,full
yacht,std,streed_s,4,,3,0.0005,0.0001,0.0,0.002240828099366303,0.5822409306229546,0.6279168967664349,0.10055430593640621,0.0004019162793112924,1.5003659559559663,0.006835023182470156,1.3416407864998738,full
yacht,std,streed_s,4,,3,0.0005,0.001,0.0,0.002240828099366303,0.5822409306229546,0.5946547566396059,0.10055430593640621,0.0004019162793112924,1.5003659559559663,0.006835023182470156,1.3416407864998738,full
yacht,std,streed_s,4,,3,0.0005,0.01,0.0,0.002240828099366303,0.5822409306229546,0.6005980370956774,0.10055430593640621,0.0004019162793112924,1.5003659559559663,0.006835023182470156,1.3416407864998738,full
yacht,std,streed_s,4,,3,0.0005,0.1,0.0,0.002240828099366303,0.5822409306229546,0.5916663492381512,0.10055430593640621,0.0004019162793112924,1.5003659559559663,0.006835023182470156,1.3416407864998738,full
yacht,std,streed_s,4,,3,0.001,1e-05,0.0,0.0027840714203139264,0.7080875257203814,0.9547462069438467,0.1930292319665239,0.0007285179914904685,1.222371903391049,0.003583664840585037,0.547722557505166,full
yacht,std,streed_s,4,,3,0.001,0.0001,0.0,0.0027840714203139264,0.7080875257203814,0.9745830098578154,0.1930292319665239,0.0007285179914904685,1.222371903391049,0.003583664840585037,0.547722557505166,full
yacht,std,streed_s,4,,3,0.001,0.001,0.0,0.0027840714203139264,0.7080875257203814,0.9615127906792647,0.1930292319665239,0.0007285179914904685,1.222371903391049,0.003583664840585037,0.547722557505166,full
yacht,std,streed_s,4,,3,0.001,0.01,0.0,0.0027840714203139264,0.7080875257203814,0.9453973284011815,0.1930292319665239,0.0007285179914904685,1.222371903391049,0.003583664840585037,0.547722557505166,full
yacht,std,streed_s,4,,3,0.001,0.1,0.0,0.0027840714203139264,0.7080875257203814,0.9683367072871123,0.1930292319665239,0.0007285179914904685,1.222371903391049,0.003583664840585037,0.547722557505166,full
yacht,std,streed_s,4,,3,0.003,1e-05,0.0,0.0020647202941140325,0.48276032763521026,4.282373956961934,0.15213664260780949,0.0008991542723998511,2.7493926593575644,0.008705282314177009,0.4472135954999579,full
yacht,std,streed_s,4,,3,0.003,0.0001,0.0,0.0020647202941140325,0.48276032763521026,4.270479688474214,0.15213664260780949,0.0008991542723998511,2.7493926593575644,0.008705282314177009,0.4472135954999579,full
yacht,std,streed_s,4,,3,0.003,0.001,0.0,0.0020647202941140325,0.48276032763521026,4.274721866490254,0.15213664260780949,0.0008991542723998511,2.7493926593575644,0.008705282314177009,0.4472135954999579,full
yacht,std,streed_s,4,,3,0.003,0.01,0.0,0.0020647202941140325,0.48276032763521026,4.267692079139051,0.15213664260780949,0.0008991542723998511,2.7493926593575644,0.008705282314177009,0.4472135954999579,full
yacht,std,streed_s,4,,3,0.003,0.1,0.0,0.0020647202941140325,0.48276032763521026,4.274192362784728,0.15213664260780949,0.0008991542723998511,2.7493926593575644,0.008705282314177009,0.4472135954999579,full
yacht,std,streed_s,4,,3,0.005,1e-05,0.0,0.0015291480756361626,0.34759549758894925,1.049263669508846,0.612142093356009,0.002476904315969435,2.346456633010013,0.006782591749530365,0.5477225575051662,full
yacht,std,streed_s,4,,3,0.005,0.0001,0.0,0.0015291480756361626,0.34759549758894925,1.0508569326214943,0.612142093356009,0.002476904315969435,2.346456633010013,0.006782591749530365,0.5477225575051662,full
yacht,std,streed_s,4,,3,0.005,0.001,0.0,0.0015291480756361626,0.34759549758894925,1.0508962468503251,0.612142093356009,0.002476904315969435,2.346456633010013,0.006782591749530365,0.5477225575051662,full
yacht,std,streed_s,4,,3,0.005,0.01,0.0,0.0015291480756361626,0.34759549758894925,1.0490231436473465,0.612142093356009,0.002476904315969435,2.346456633010013,0.006782591749530365,0.5477225575051662,full
yacht,std,streed_s,4,,3,0.005,0.1,0.0,0.0015291480756361626,0.34759549758894925,1.0506214194507206,0.612142093356009,0.002476904315969435,2.346456633010013,0.006782591749530365,0.5477225575051662,full
yacht,std,streed_s,4,,3,0.008,1e-05,0.0,0.0053015860433989976,1.332806244222198,0.18311099081305762,0.26807078633252945,0.0017474445444551198,3.440390770861692,0.010196036721978111,0.4472135954999579,full
yacht,std,streed_s,4,,3,0.008,0.0001,0.0,0.0053015860433989976,1.332806244222198,0.18281065824465154,0.26807078633252945,0.0017474445444551198,3.440390770861692,0.010196036721978111,0.4472135954999579,full
yacht,std,streed_s,4,,3,0.008,0.001,0.0,0.0053015860433989976,1.332806244222198,0.18292427753087373,0.26807078633252945,0.0017474445444551198,3.440390770861692,0.010196036721978111,0.4472135954999579,full
yacht,std,streed_s,4,,3,0.008,0.01,0.0,0.0053015860433989976,1.332806244222198,0.18298183994636283,0.26807078633252945,0.0017474445444551198,3.440390770861692,0.010196036721978111,0.4472135954999579,full
yacht,std,streed_s,4,,3,0.008,0.1,0.0,0.0053015860433989976,1.332806244222198,0.18204490345335486,0.26807078633252945,0.0017474445444551198,3.440390770861692,0.010196036721978111,0.4472135954999579,full
yacht,std,streed_s,4,,3,0.01,1e-05,0.0,0.004780001071051439,1.255807810493656,0.0002687166718427257,0.660042258951912,0.0021466334916630863,2.9192162294389616,0.007525586217264151,0.0,full
yacht,std,streed_s,4,,3,0.01,0.0001,0.0,0.004780001071051439,1.255807810493656,0.00029426539186844724,0.660042258951912,0.0021466334916630863,2.9192162294389616,0.007525586217264151,0.0,full
yacht,std,streed_s,4,,3,0.01,0.001,0.0,0.004780001071051439,1.255807810493656,0.0002961395529864992,0.660042258951912,0.0021466334916630863,2.9192162294389616,0.007525586217264151,0.0,full
yacht,std,streed_s,4,,3,0.01,0.01,0.0,0.004780001071051439,1.255807810493656,0.0002334060902041018,0.660042258951912,0.0021466334916630863,2.9192162294389616,0.007525586217264151,0.0,full
yacht,std,streed_s,4,,3,0.01,0.1,0.0,0.004780001071051439,1.255807810493656,0.0003021009615051729,0.660042258951912,0.0021466334916630863,2.9192162294389616,0.007525586217264151,0.0,full
yacht,std,streed_s,4,,3,0.03,1e-05,0.0,0.0033164208386087294,0.9406410220166441,0.00020090168656131083,0.660042258951912,0.0021466334916630863,2.9192162294389616,0.007525586217264151,0.0,full
yacht,std,streed_s,4,,3,0.03,0.0001,0.0,0.0033164208386087294,0.9406410220166441,0.00020319519064596793,0.660042258951912,0.0021466334916630863,2.9192162294389616,0.007525586217264151,0.0,full
yacht,std,streed_s,4,,3,0.03,0.001,0.0,0.0033164208386087294,0.9406410220166441,0.000198470614993777,0.660042258951912,0.0021466334916630863,2.9192162294389616,0.007525586217264151,0.0,full
yacht,std,streed_s,4,,3,0.03,0.01,0.0,0.0033164208386087294,0.9406410220166441,0.00021292845485837506,0.660042258951912,0.0021466334916630863,2.9192162294389616,0.007525586217264151,0.0,full
yacht,std,streed_s,4,,3,0.03,0.1,0.0,0.0033164208386087294,0.9406410220166441,0.0002292626411853523,0.660042258951912,0.0021466334916630863,2.9192162294389616,0.007525586217264151,0.0,full
yacht,std,streed_s,4,,3,0.05,1e-05,0.0,0.0033164208386087294,0.9406410220166441,4.566384931291094e-05,0.660042258951912,0.0021466334916630863,2.9192162294389616,0.007525586217264151,0.0,full
yacht,std,streed_s,4,,3,0.05,0.0001,0.0,0.0033164208386087294,0.9406410220166441,3.1718005612357025e-05,0.660042258951912,0.0021466334916630863,2.9192162294389616,0.007525586217264151,0.0,full
yacht,std,streed_s,4,,3,0.05,0.001,0.0,0.0033164208386087294,0.9406410220166441,4.3405606739580035e-05,0.660042258951912,0.0021466334916630863,2.9192162294389616,0.007525586217264151,0.0,full
yacht,std,streed_s,4,,3,0.05,0.01,0.0,0.0033164208386087294,0.9406410220166441,2.6122887348508906e-05,0.660042258951912,0.0021466334916630863,2.9192162294389616,0.007525586217264151,0.0,full
yacht,std,streed_s,4,,3,0.05,0.1,0.0,0.0033164208386087294,0.9406410220166441,2.6840150898386445e-05,0.660042258951912,0.0021466334916630863,2.9192162294389616,0.007525586217264151,0.0,full
yacht,std,streed_s,4,,3,0.08,1e-05,0.0,0.0033164208386087294,0.9406410220166441,5.6607068065718035e-05,0.660042258951912,0.0021466334916630863,2.9192162294389616,0.007525586217264151,0.0,full
yacht,std,streed_s,4,,3,0.08,0.0001,0.0,0.0033164208386087294,0.9406410220166441,2.6201431690030333e-05,0.660042258951912,0.0021466334916630863,2.9192162294389616,0.007525586217264151,0.0,full
yacht,std,streed_s,4,,3,0.08,0.001,0.0,0.0033164208386087294,0.9406410220166441,3.760421090747489e-05,0.660042258951912,0.0021466334916630863,2.9192162294389616,0.007525586217264151,0.0,full
yacht,std,streed_s,4,,3,0.08,0.01,0.0,0.0033164208386087294,0.9406410220166441,2.9609533444487483e-05,0.660042258951912,0.0021466334916630863,2.9192162294389616,0.007525586217264151,0.0,full
yacht,std,streed_s,4,,3,0.08,0.1,0.0,0.0033164208386087294,0.9406410220166441,1.9765461015300755e-05,0.660042258951912,0.0021466334916630863,2.9192162294389616,0.007525586217264151,0.0,full
yacht,std,streed_s,4,,3,0.1,1e-05,0.0,0.0033164208386087294,0.9406410220166441,2.3971088173837926e-05,0.660042258951912,0.0021466334916630863,2.9192162294389616,0.007525586217264151,0.0,full
yacht,std,streed_s,4,,3,0.1,0.0001,0.0,0.0033164208386087294,0.9406410220166441,3.5474489385110594e-05,0.660042258951912,0.0021466334916630863,2.9192162294389616,0.007525586217264151,0.0,full
yacht,std,streed_s,4,,3,0.1,0.001,0.0,0.0033164208386087294,0.9406410220166441,3.4130267061486004e-05,0.660042258951912,0.0021466334916630863,2.9192162294389616,0.007525586217264151,0.0,full
yacht,std,streed_s,4,,3,0.1,0.01,0.0,0.0033164208386087294,0.9406410220166441,2.7109775564100135e-05,0.660042258951912,0.0021466334916630863,2.9192162294389616,0.007525586217264151,0.0,full
yacht,std,streed_s,4,,3,0.1,0.1,0.0,0.0033164208386087294,0.9406410220166441,7.548450443742634e-05,0.660042258951912,0.0021466334916630863,2.9192162294389616,0.007525586217264151,0.0,full
yacht,best_by_mean_val_r2,streed_s,4,,3,0.0005,0.0001,0.0,0.9904573816005108,2.2312487380170323,19.38801951408386,0.6429563461814178,0.9971924888180738,2.231439620667964,0.9901550485133,8.4,full
