dataset,outer,method,depth,lambda,kappa,cv_folds,n_thresholds,thresholds_strategy,min_leaf_node_size,val_r2,val_mse,loss,train_time_s,train_mse,train_r2,test_mse,test_r2,n_leaves,threshold_label
real_estate,outer_0,greedy,4,0.1,0.1,3,331.0,quantile,0,0.5752761859231134,72.89703636741784,30545.25262794558,0.0023374557495117,70.33132011492344,0.5943081353823658,109.04407614249386,0.5081290080686247,1.0,full
real_estate,outer_0,greedy,4,0.1,0.01,3,331.0,quantile,0,0.5742396724441577,73.10767018843262,29050.816293289143,0.0024111270904541,69.87781938470815,0.5969240617796789,107.58734923294617,0.5146999446597702,1.0,full
real_estate,outer_0,greedy,4,0.1,0.001,3,331.0,quantile,0,0.5889541597685272,70.51321966454422,28884.030122909837,0.0024092197418212,69.87007142431928,0.5969687543077304,107.42258088851214,0.5154431741123242,1.0,full
real_estate,outer_0,greedy,4,0.1,0.0001,3,331.0,quantile,0,0.5863540820096443,70.9730372921001,28867.11146582976,0.0024747848510742,69.86998757100754,0.5969692379984437,107.40585674143962,0.5155186126239863,1.0,full
real_estate,outer_0,greedy,4,0.1,1e-05,3,331.0,quantile,0,0.586056586672075,71.02564158825136,28865.41709174912,0.0021145343780517,69.8699867254839,0.5969692428756743,107.40418190070676,0.515526167418357,1.0,full
real_estate,outer_0,greedy,4,0.08,0.1,3,331.0,quantile,0,0.604592699120788,67.7433082625498,29397.599988670656,0.0025396347045898,70.33132011492344,0.5943081353823658,109.04407614249386,0.5081290080686247,1.0,full
real_estate,outer_0,greedy,4,0.08,0.01,3,331.0,quantile,0,0.5988625563934146,68.63739638031966,27793.36319880104,0.002495527267456,53.92857845815086,0.6889240026333122,88.67471910450443,0.6000101648055363,2.0,full
real_estate,outer_0,greedy,4,0.08,0.001,3,331.0,quantile,0,0.6005257131651004,68.41055500531029,26788.78307479746,0.0025026798248291,52.68664177353873,0.6960878609043363,86.7068022117285,0.6088869536081056,2.0,full
real_estate,outer_0,greedy,4,0.08,0.0001,3,331.0,quantile,0,0.5967789316489611,69.08373131450713,26628.63065826748,0.00242280960083,52.654339053384845,0.6962741925521716,86.45879708715995,0.6100056436914274,2.0,full
real_estate,outer_0,greedy,4,0.08,1e-05,3,331.0,quantile,0,0.5963612469795533,69.15872012859683,26611.59049352598,0.0024206638336181,52.6539726171757,0.6962763062646502,86.43392771986747,0.6101178232869782,2.0,full
real_estate,outer_0,greedy,4,0.05,0.1,3,331.0,quantile,0,0.604592699120788,67.7433082625498,26265.80731649684,0.0030269622802734,57.418719363753866,0.6687918371989268,92.99321722869789,0.5805304825417783,2.0,full
real_estate,outer_0,greedy,4,0.05,0.01,3,331.0,quantile,0,0.6143356657352358,65.90415831565004,24350.405280976265,0.0027108192443847,53.92857845815086,0.6889240026333122,88.67471910450443,0.6000101648055363,2.0,full
real_estate,outer_0,greedy,4,0.05,0.001,3,331.0,quantile,0,0.5865988309910793,70.59324359638218,23345.825156972685,0.0023853778839111,52.68664177353873,0.6960878609043363,86.7068022117285,0.6088869536081056,2.0,full
real_estate,outer_0,greedy,4,0.05,0.0001,3,331.0,quantile,0,0.5811643484292729,71.5309246074562,23185.672740442704,0.0026428699493408,52.654339053384845,0.6962741925521716,86.45879708715995,0.6100056436914274,2.0,full
real_estate,outer_0,greedy,4,0.05,1e-05,3,331.0,quantile,0,0.5805381870955943,71.63858689655075,23168.632575701205,0.0024030208587646,52.6539726171757,0.6962763062646502,86.43392771986747,0.6101178232869782,2.0,full
real_estate,outer_0,greedy,4,0.03,0.1,3,331.0,quantile,0,0.6432797375204067,60.94385872585073,23149.65664757628,0.0029273033142089,49.78422316055004,0.7128298702549394,87.3303466073429,0.6060742982926228,3.0,full
real_estate,outer_0,greedy,4,0.03,0.01,3,331.0,quantile,0,0.6247999956340983,63.78844410679667,21192.06970556805,0.0029768943786621,47.34072020971969,0.7269247182785685,90.56500103922728,0.5914835681929235,3.0,full
real_estate,outer_0,greedy,4,0.03,0.001,3,331.0,quantile,0,0.6092795942275065,66.84765411541805,20647.764208923512,0.0030534267425537,46.15872356626959,0.7337428246566302,90.95444048179972,0.5897269027078127,3.0,full
real_estate,outer_0,greedy,4,0.03,0.0001,3,331.0,quantile,0,0.5965725675574343,69.05654970241288,20442.27908742796,0.0029666423797607,46.07839490052741,0.7342061841689207,91.40633955343472,0.5876884972072011,3.0,full
real_estate,outer_0,greedy,4,0.03,1e-05,3,331.0,quantile,0,0.5925437050876878,69.73217871627429,20373.94121815356,0.0029847621917724,40.71229853631256,0.7651594157613175,98.31179500537854,0.5565396870834213,4.0,full
real_estate,outer_0,greedy,4,0.01,0.1,3,331.0,quantile,0,0.678021232670809,55.20197917051524,19049.228288077997,0.0030996799468994,44.49525683994948,0.7433381929339136,93.84482202930046,0.5766891028646417,5.0,full
real_estate,outer_0,greedy,4,0.01,0.01,3,331.0,quantile,0,0.6733523090510106,55.73821634921302,16453.01513953664,0.0033273696899414,36.50762251977757,0.7894132311379349,98.87420527200403,0.5540027927788103,6.0,full
real_estate,outer_0,greedy,4,0.01,0.001,3,331.0,quantile,0,0.6212033274428722,64.8748851432677,15394.92734988811,0.0032901763916015,33.17950710784304,0.8086107855834388,107.60568488681596,0.5146172370375344,7.0,full
real_estate,outer_0,greedy,4,0.01,0.0001,3,331.0,quantile,0,0.6055674700818798,67.73939737213722,14732.085900193024,0.0032401084899902,29.377292344051867,0.8305430853707683,104.94544002118626,0.5266169469450009,8.0,full
real_estate,outer_0,greedy,4,0.01,1e-05,3,331.0,quantile,0,0.5989533892340874,68.89380978121834,14146.11097676944,0.0032415390014648,28.582069695671105,0.83513016490348,110.73990503070858,0.5004795412942715,8.0,full
real_estate,outer_0,greedy,4,0.008,0.1,3,331.0,quantile,0,0.678021232670809,55.20197917051524,18397.16139747989,0.003190279006958,42.98661980417664,0.7520404577438704,96.93281494876452,0.5627599267543409,6.0,full
real_estate,outer_0,greedy,4,0.008,0.01,3,331.0,quantile,0,0.6740775390655047,55.60496450371418,15764.423555971684,0.0032875537872314,36.50762251977757,0.7894132311379349,98.87420527200403,0.5540027927788103,6.0,full
real_estate,outer_0,greedy,4,0.008,0.001,3,331.0,quantile,0,0.6212033274428722,64.8748851432677,14591.570502395662,0.0032289028167724,33.17950710784304,0.8086107855834388,107.60568488681596,0.5146172370375344,7.0,full
real_estate,outer_0,greedy,4,0.008,0.0001,3,331.0,quantile,0,0.6055674700818798,67.73939737213722,13813.963788773082,0.003157615661621,29.377292344051867,0.8305430853707683,104.94544002118626,0.5266169469450009,8.0,full
real_estate,outer_0,greedy,4,0.008,1e-05,3,331.0,quantile,0,0.5989533892340874,68.89380978121834,13227.9888653495,0.0032174587249755,28.582069695671105,0.83513016490348,110.73990503070858,0.5004795412942715,8.0,full
real_estate,outer_0,greedy,4,0.005,0.1,3,331.0,quantile,0,0.6719463946000053,56.2716468245986,17344.1839324853,0.0031020641326904,42.16566845976021,0.7567759480081286,96.25552231629987,0.5658150271389126,7.0,full
real_estate,outer_0,greedy,4,0.005,0.01,3,331.0,quantile,0,0.6740775390655047,55.60496450371418,14703.112539286143,0.0031609535217285,35.471112144170874,0.7953921296754327,98.28643847378672,0.556654064157236,7.0,full
real_estate,outer_0,greedy,4,0.005,0.001,3,331.0,quantile,0,0.6212033274428722,64.8748851432677,13386.535231156991,0.003263235092163,33.17950710784304,0.8086107855834388,107.60568488681596,0.5146172370375344,7.0,full
real_estate,outer_0,greedy,4,0.005,0.0001,3,331.0,quantile,0,0.6055674700818798,67.73939737213722,12388.56446828682,0.0032682418823242,28.33396530441116,0.8365613044433834,101.9640975905916,0.5400650489465019,9.0,full
real_estate,outer_0,greedy,4,0.005,1e-05,3,331.0,quantile,0,0.5989533892340874,68.89380978121834,11792.5799499605,0.003145694732666,27.53568664593463,0.8411660119465644,107.91946501930852,0.5132018520805762,9.0,full
real_estate,outer_0,greedy,4,0.003,0.1,3,331.0,quantile,0,0.6719463946000053,56.2716468245986,16467.17091745377,0.0031445026397705,40.8339402812312,0.7644577501842923,99.62476258469304,0.55061721345205,9.0,full
real_estate,outer_0,greedy,4,0.003,0.01,3,331.0,quantile,0,0.671372823526565,56.08273734831965,13839.296142903288,0.0032663345336914,33.713171416949805,0.8055324519436374,97.33216097436384,0.5609585751111879,9.0,full
real_estate,outer_0,greedy,4,0.003,0.001,3,331.0,quantile,0,0.6197012756902076,65.1508681611754,12391.452372627857,0.0034043788909912,31.338888264432807,0.8192280196892864,104.07881799416276,0.5305260656348104,9.0,full
real_estate,outer_0,greedy,4,0.003,0.0001,3,331.0,quantile,0,0.6045187913802091,67.93207882428369,11355.677092939386,0.0032370090484619,28.33396530441116,0.8365613044433834,101.9640975905916,0.5400650489465019,9.0,full
real_estate,outer_0,greedy,4,0.003,1e-05,3,331.0,quantile,0,0.599026030065963,68.88046294681745,10759.69257461307,0.0033457279205322,27.53568664593463,0.8411660119465644,107.91946501930852,0.5132018520805762,9.0,full
real_estate,outer_0,greedy,4,0.001,0.1,3,331.0,quantile,0,0.6719463946000053,56.2716468245986,15434.28354210634,0.0031547546386718,40.8339402812312,0.7644577501842923,99.62476258469304,0.55061721345205,9.0,full
real_estate,outer_0,greedy,4,0.001,0.01,3,331.0,quantile,0,0.6705523961816238,56.23348049963199,12806.408767555857,0.0031766891479492,33.713171416949805,0.8055324519436374,97.33216097436384,0.5609585751111879,9.0,full
real_estate,outer_0,greedy,4,0.001,0.001,3,331.0,quantile,0,0.6197012756902076,65.1508681611754,11261.41720444723,0.0033183097839355,30.70944687137685,0.8228588238885979,103.1044737280834,0.5349210928347552,10.0,full
real_estate,outer_0,greedy,4,0.001,0.0001,3,331.0,quantile,0,0.6045187913802091,67.93207882428369,10322.789717591952,0.0031509399414062,28.33396530441116,0.8365613044433834,101.9640975905916,0.5400650489465019,9.0,full
real_estate,outer_0,greedy,4,0.001,1e-05,3,331.0,quantile,0,0.599026030065963,68.88046294681745,9726.805199265636,0.0031466484069824,27.53568664593463,0.8411660119465644,107.91946501930852,0.5132018520805762,9.0,full
real_estate,outer_0,greedy,4,0.0005,0.1,3,331.0,quantile,0,0.6719463946000053,56.2716468245986,15176.061698269485,0.0030970573425292,40.8339402812312,0.7644577501842923,99.62476258469304,0.55061721345205,9.0,full
real_estate,outer_0,greedy,4,0.0005,0.01,3,331.0,quantile,0,0.6705523961816238,56.23348049963199,12548.186923718997,0.0031747817993164,33.713171416949805,0.8055324519436374,97.33216097436384,0.5609585751111879,9.0,full
real_estate,outer_0,greedy,4,0.0005,0.001,3,331.0,quantile,0,0.6197012756902076,65.1508681611754,10974.504044628498,0.0032417774200439,30.70944687137685,0.8228588238885979,103.1044737280834,0.5349210928347552,10.0,full
real_estate,outer_0,greedy,4,0.0005,0.0001,3,331.0,quantile,0,0.6045187913802091,67.93207882428369,10064.567873755095,0.0031714439392089,28.33396530441116,0.8365613044433834,101.9640975905916,0.5400650489465019,9.0,full
real_estate,outer_0,greedy,4,0.0005,1e-05,3,331.0,quantile,0,0.599026030065963,68.88046294681745,9468.583355428776,0.0032153129577636,27.53568664593463,0.8411660119465644,107.91946501930852,0.5132018520805762,9.0,full
real_estate,outer_0,greedy,4,0.0001,0.1,3,331.0,quantile,0,0.6719463946000053,56.2716468245986,14969.484223199996,0.0032494068145751,40.8339402812312,0.7644577501842923,99.62476258469304,0.55061721345205,9.0,full
real_estate,outer_0,greedy,4,0.0001,0.01,3,331.0,quantile,0,0.6705523961816238,56.23348049963199,12341.60944864951,0.0033581256866455,33.713171416949805,0.8055324519436374,97.33216097436384,0.5609585751111879,9.0,full
real_estate,outer_0,greedy,4,0.0001,0.001,3,331.0,quantile,0,0.6197012756902076,65.1508681611754,10744.973516773513,0.0034172534942626,30.70944687137685,0.8228588238885979,103.1044737280834,0.5349210928347552,10.0,full
real_estate,outer_0,greedy,4,0.0001,0.0001,3,331.0,quantile,0,0.6045187913802091,67.93207882428369,9857.99039868561,0.003359317779541,28.33396530441116,0.8365613044433834,101.9640975905916,0.5400650489465019,9.0,full
real_estate,outer_0,greedy,4,0.0001,1e-05,3,331.0,quantile,0,0.599026030065963,68.88046294681745,9262.005880359293,0.0033469200134277,27.53568664593463,0.8411660119465644,107.91946501930852,0.5132018520805762,9.0,full
real_estate,outer_1,greedy,4,0.1,0.1,3,331.0,quantile,0,0.5806302609459401,77.74015555096545,32160.78747351096,0.0023372173309326,73.90836912360288,0.589663119881633,95.7921006035557,0.5197943989321658,1.0,full
real_estate,outer_1,greedy,4,0.1,0.01,3,331.0,quantile,0,0.578641144537514,77.99208002106745,30450.37890887153,0.0023155212402343,73.3464169569821,0.5927830601747451,97.71131512152478,0.5101733805457578,1.0,full
real_estate,outer_1,greedy,4,0.1,0.001,3,331.0,quantile,0,0.5958340016813675,75.62720528072852,30258.08057742366,0.0025396347045898,73.33708089464422,0.5928348936915409,97.94961301307151,0.508978793711119,1.0,full
real_estate,outer_1,greedy,4,0.1,0.0001,3,331.0,quantile,0,0.619725677407961,71.01311453631276,30238.562487132727,0.0023458003997802,73.3369805538268,0.5928354507805208,97.9740169937,0.5088564566069913,1.0,full
real_estate,outer_1,greedy,4,0.1,1e-05,3,331.0,quantile,0,0.6196406649583387,71.0222418548688,30236.60767768284,0.002357006072998,73.33697954283352,0.592835456393523,97.97646337308156,0.5088441929122403,1.0,full
real_estate,outer_1,greedy,4,0.08,0.1,3,331.0,quantile,0,0.5935902244285018,75.21590636969258,30968.417430006437,0.0023739337921142,73.90836912360288,0.589663119881633,95.7921006035557,0.5197943989321658,1.0,full
real_estate,outer_1,greedy,4,0.08,0.01,3,331.0,quantile,0,0.5982117709158717,75.43180932755405,29039.64749363168,0.0022821426391601,57.08510216443714,0.6830653550991047,85.49408762124445,0.5714183165915263,2.0,full
real_estate,outer_1,greedy,4,0.08,0.001,3,331.0,quantile,0,0.5958340016813675,75.62720528072852,28087.7320418296,0.0025141239166259,55.3956141417179,0.6924453380761417,75.23177193510212,0.6228632837794461,2.0,full
real_estate,outer_1,greedy,4,0.08,0.0001,3,331.0,quantile,0,0.619725677407961,71.01311453631276,27889.08975485564,0.0022451877593994,55.36929321304865,0.6925914710226541,75.05509278193826,0.6237489760067451,2.0,full
real_estate,outer_1,greedy,4,0.08,1e-05,3,331.0,quantile,0,0.6196406649583387,71.0222418548688,27868.40834240952,0.0022902488708496,55.36900732374894,0.6925930582708195,75.03909706202526,0.6238291625173962,2.0,full
real_estate,outer_1,greedy,4,0.05,0.1,3,331.0,quantile,0,0.567284879610682,80.58442937799177,27587.74748180985,0.0028841495513916,60.8438650473888,0.6621968248800751,85.44556389230358,0.5716615659437723,2.0,full
real_estate,outer_1,greedy,4,0.05,0.01,3,331.0,quantile,0,0.5836126303534628,77.51467716944215,25462.537363118085,0.0026321411132812,57.08510216443714,0.6830653550991047,85.49408762124445,0.5714183165915263,2.0,full
real_estate,outer_1,greedy,4,0.05,0.001,3,331.0,quantile,0,0.5958340016813675,75.62720528072852,24510.62191131601,0.0027129650115966,55.3956141417179,0.6924453380761417,75.23177193510212,0.6228632837794461,2.0,full
real_estate,outer_1,greedy,4,0.05,0.0001,3,331.0,quantile,0,0.619725677407961,71.01311453631276,24311.97962434204,0.0026731491088867,55.36929321304865,0.6925914710226541,75.05509278193826,0.6237489760067451,2.0,full
real_estate,outer_1,greedy,4,0.05,1e-05,3,331.0,quantile,0,0.6196406649583387,71.0222418548688,24291.298211895933,0.0026018619537353,55.36900732374894,0.6925930582708195,75.03909706202526,0.6238291625173962,2.0,full
real_estate,outer_1,greedy,4,0.03,0.1,3,331.0,quantile,0,0.5760008280821999,79.3409199600728,24661.08835759504,0.0029318332672119,54.8622893253802,0.6954063402443769,79.10062680628872,0.6034687223578186,3.0,full
real_estate,outer_1,greedy,4,0.03,0.01,3,331.0,quantile,0,0.5871440091967363,76.84224208174408,22639.50886244733,0.0028889179229736,50.40726044968139,0.7201405167844419,89.81250863963061,0.5497700810091329,3.0,full
real_estate,outer_1,greedy,4,0.03,0.001,3,331.0,quantile,0,0.5581923488224988,82.60653564688567,20876.463294848112,0.0030667781829833,33.68074928096027,0.8130055669759791,146.4318171750912,0.2659376050950721,5.0,full
real_estate,outer_1,greedy,4,0.03,0.0001,3,331.0,quantile,0,0.6110477570976071,72.44107041786313,21513.18516288329,0.002988576889038,48.6817119493176,0.7297207063695763,82.46727792122486,0.5865917073216373,3.0,full
real_estate,outer_1,greedy,4,0.03,1e-05,3,331.0,quantile,0,0.6106104480872494,72.51017883055553,21482.19831252471,0.002899169921875,48.679768755077205,0.7297314949212859,82.4905987810135,0.5864747999000267,3.0,full
real_estate,outer_1,greedy,4,0.01,0.1,3,331.0,quantile,0,0.5902899482510904,76.41263573151915,20106.471219032886,0.0030133724212646,48.35241789450424,0.7315489363345435,71.64076176437128,0.6408650102956355,5.0,full
real_estate,outer_1,greedy,4,0.01,0.01,3,331.0,quantile,0,0.6087306703942317,72.32466572026789,17963.955798927032,0.0031630992889404,42.46269623526975,0.7642484809067435,89.09013263156952,0.5533913504349239,5.0,full
real_estate,outer_1,greedy,4,0.01,0.001,3,331.0,quantile,0,0.5118737336628226,92.21576181880204,14323.295133871696,0.003037691116333,28.03068184225761,0.8443745590501829,143.66067532421815,0.279829333429228,7.0,full
real_estate,outer_1,greedy,4,0.01,0.0001,3,331.0,quantile,0,0.5783344938591309,78.53588675043609,16624.38977423457,0.0030090808868408,40.76192729985235,0.7736910951470101,94.0465309533964,0.5285449359574432,5.0,full
real_estate,outer_1,greedy,4,0.01,1e-05,3,331.0,quantile,0,0.5752233347340415,79.10885058241438,16477.107563830745,0.0029218196868896,40.72016408447766,0.7739229631709399,95.99698852788964,0.5187672961936685,5.0,full
real_estate,outer_1,greedy,4,0.008,0.1,3,331.0,quantile,0,0.5958919845258992,75.25225109901669,19510.286197280624,0.0031113624572753,48.35241789450424,0.7315489363345435,71.64076176437128,0.6408650102956355,5.0,full
real_estate,outer_1,greedy,4,0.008,0.01,3,331.0,quantile,0,0.574721706457666,79.29415800165502,17252.54692882513,0.0031495094299316,40.19904856715071,0.7768161797050999,86.83639883972245,0.5646893132454466,6.0,full
real_estate,outer_1,greedy,4,0.008,0.001,3,331.0,quantile,0,0.523285176976577,89.87720289524763,13488.63610341852,0.0030574798583984,28.03068184225761,0.8443745590501829,143.66067532421815,0.279829333429228,7.0,full
real_estate,outer_1,greedy,4,0.008,0.0001,3,331.0,quantile,0,0.5783344938591309,78.53588675043609,15941.647267177255,0.002859354019165,39.04522148404008,0.7832221904328956,96.4785776236417,0.5163530910584201,6.0,full
real_estate,outer_1,greedy,4,0.008,1e-05,3,331.0,quantile,0,0.5752233347340415,79.10885058241438,15765.19750453702,0.0028738975524902,38.90652204294518,0.7839922452535867,98.71252828771112,0.505154301026296,6.0,full
real_estate,outer_1,greedy,4,0.005,0.1,3,331.0,quantile,0,0.595698354875485,75.28912150480882,18616.008664652225,0.0030970573425292,48.35241789450424,0.7315489363345435,71.64076176437128,0.6408650102956355,5.0,full
real_estate,outer_1,greedy,4,0.005,0.01,3,331.0,quantile,0,0.574721706457666,79.29415800165502,16179.41388967105,0.0031344890594482,40.19904856715071,0.7768161797050999,86.83639883972245,0.5646893132454466,6.0,full
real_estate,outer_1,greedy,4,0.005,0.001,3,331.0,quantile,0,0.523285176976577,89.87720289524763,12236.647557738765,0.0030493736267089,28.03068184225761,0.8443745590501829,143.66067532421815,0.279829333429228,7.0,full
real_estate,outer_1,greedy,4,0.005,0.0001,3,331.0,quantile,0,0.5783344938591309,78.53588675043609,14868.51422802318,0.0028932094573974,39.04522148404008,0.7832221904328956,96.4785776236417,0.5163530910584201,6.0,full
real_estate,outer_1,greedy,4,0.005,1e-05,3,331.0,quantile,0,0.5752233347340415,79.10885058241438,14692.064465382942,0.0028541088104248,38.90652204294518,0.7839922452535867,98.71252828771112,0.505154301026296,6.0,full
real_estate,outer_1,greedy,4,0.003,0.1,3,331.0,quantile,0,0.595698354875485,75.28912150480882,17864.969742587953,0.0029559135437011,47.07231814713439,0.7386560088190899,71.69593005847197,0.6405884517520646,7.0,full
real_estate,outer_1,greedy,4,0.003,0.01,3,331.0,quantile,0,0.574721706457666,79.29415800165502,15269.20571493993,0.0031428337097167,37.99025184606855,0.7890793478157203,87.55890420141799,0.561067395370155,8.0,full
real_estate,outer_1,greedy,4,0.003,0.001,3,331.0,quantile,0,0.523285176976577,89.87720289524763,11401.98852728559,0.0030548572540283,28.03068184225761,0.8443745590501829,143.66067532421815,0.279829333429228,7.0,full
real_estate,outer_1,greedy,4,0.003,0.0001,3,331.0,quantile,0,0.5783344938591309,78.53588675043609,14153.092201920455,0.0029740333557128,39.04522148404008,0.7832221904328956,96.4785776236417,0.5163530910584201,6.0,full
real_estate,outer_1,greedy,4,0.003,1e-05,3,331.0,quantile,0,0.5752233347340415,79.10885058241438,13976.642439280222,0.0029428005218505,38.90652204294518,0.7839922452535867,98.71252828771112,0.505154301026296,6.0,full
real_estate,outer_1,greedy,4,0.001,0.1,3,331.0,quantile,0,0.5679433576155877,80.97698190342548,16998.69894912519,0.0029878616333007,46.77513303465869,0.7403059709724553,71.55264776770149,0.6413067255776547,8.0,full
real_estate,outer_1,greedy,4,0.001,0.01,3,331.0,quantile,0,0.574721706457666,79.29415800165502,14315.309680136304,0.0030436515808105,37.99025184606855,0.7890793478157203,87.55890420141799,0.561067395370155,8.0,full
real_estate,outer_1,greedy,4,0.001,0.001,3,331.0,quantile,0,0.523285176976577,89.87720289524763,10567.329496832415,0.0031163692474365,28.03068184225761,0.8443745590501829,143.66067532421815,0.279829333429228,7.0,full
real_estate,outer_1,greedy,4,0.001,0.0001,3,331.0,quantile,0,0.5783344938591309,78.53588675043609,13437.67017581774,0.002953290939331,39.04522148404008,0.7832221904328956,96.4785776236417,0.5163530910584201,6.0,full
real_estate,outer_1,greedy,4,0.001,1e-05,3,331.0,quantile,0,0.5752233347340415,79.10885058241438,13261.220413177503,0.0029768943786621,38.90652204294518,0.7839922452535867,98.71252828771112,0.505154301026296,6.0,full
real_estate,outer_1,greedy,4,0.0005,0.1,3,331.0,quantile,0,0.5679433576155877,80.97698190342548,16760.224940424283,0.0030462741851806,46.77513303465869,0.7403059709724553,71.55264776770149,0.6413067255776547,8.0,full
real_estate,outer_1,greedy,4,0.0005,0.01,3,331.0,quantile,0,0.574721706457666,79.29415800165502,14076.835671435398,0.0031733512878417,37.99025184606855,0.7890793478157203,87.55890420141799,0.561067395370155,8.0,full
real_estate,outer_1,greedy,4,0.0005,0.001,3,331.0,quantile,0,0.523285176976577,89.87720289524763,10358.664739219124,0.0031685829162597,28.03068184225761,0.8443745590501829,143.66067532421815,0.279829333429228,7.0,full
real_estate,outer_1,greedy,4,0.0005,0.0001,3,331.0,quantile,0,0.5783344938591309,78.53588675043609,13258.814669292062,0.0028786659240722,39.04522148404008,0.7832221904328956,96.4785776236417,0.5163530910584201,6.0,full
real_estate,outer_1,greedy,4,0.0005,1e-05,3,331.0,quantile,0,0.5752233347340415,79.10885058241438,13082.364906651825,0.0029399394989013,38.90652204294518,0.7839922452535867,98.71252828771112,0.505154301026296,6.0,full
real_estate,outer_1,greedy,4,0.0001,0.1,3,331.0,quantile,0,0.5679433576155877,80.97698190342548,16569.44573346356,0.0030763149261474,46.77513303465869,0.7403059709724553,71.55264776770149,0.6413067255776547,8.0,full
real_estate,outer_1,greedy,4,0.0001,0.01,3,331.0,quantile,0,0.574721706457666,79.29415800165502,13886.056464474672,0.0031952857971191,37.99025184606855,0.7890793478157203,87.55890420141799,0.561067395370155,8.0,full
real_estate,outer_1,greedy,4,0.0001,0.001,3,331.0,quantile,0,0.523285176976577,89.87720289524763,10191.732933128493,0.0031177997589111,28.03068184225761,0.8443745590501829,143.66067532421815,0.279829333429228,7.0,full
real_estate,outer_1,greedy,4,0.0001,0.0001,3,331.0,quantile,0,0.5783344938591309,78.53588675043609,13115.73026407152,0.0029911994934082,39.04522148404008,0.7832221904328956,96.4785776236417,0.5163530910584201,6.0,full
real_estate,outer_1,greedy,4,0.0001,1e-05,3,331.0,quantile,0,0.5752233347340415,79.10885058241438,12939.28050143128,0.0030152797698974,38.90652204294518,0.7839922452535867,98.71252828771112,0.505154301026296,6.0,full
real_estate,outer_2,greedy,4,0.1,0.1,3,331.0,quantile,0,0.5719237278783919,82.310251382972,32973.96843484046,0.0021014213562011,76.29039795297663,0.5862083797895777,84.97008550952746,0.5264979250149364,1.0,full
real_estate,outer_2,greedy,4,0.1,0.01,3,331.0,quantile,0,0.5618058315802845,84.00883694155353,31352.989849950813,0.0020351409912109,75.66551628923429,0.5895976765165276,83.74132598284673,0.5333452781987313,1.0,full
real_estate,outer_2,greedy,4,0.1,0.001,3,331.0,quantile,0,0.6213590506418395,72.13643081262107,31165.06859573195,0.0027675628662109,75.65311404546203,0.58966494506778,83.67391794981232,0.5337209144396632,1.0,full
real_estate,outer_2,greedy,4,0.1,0.0001,3,331.0,quantile,0,0.6183724519235502,72.75076062287586,30984.626014407822,0.0028052330017089,56.652835792616,0.6927205868477591,67.28407729616133,0.6250545115714221,2.0,full
real_estate,outer_2,greedy,4,0.1,1e-05,3,331.0,quantile,0,0.6182045455517837,72.78235643817477,30959.92309976479,0.0027825832366943,56.65234957089415,0.6927232240665897,67.29441918064784,0.6249968806565624,2.0,full
real_estate,outer_2,greedy,4,0.08,0.1,3,331.0,quantile,0,0.5938431270895896,79.12540245664236,31753.44484329968,0.0024373531341552,76.29039795297663,0.5862083797895777,84.97008550952746,0.5264979250149364,1.0,full
real_estate,outer_2,greedy,4,0.08,0.01,3,331.0,quantile,0,0.5635678493006265,83.94540809893495,30036.447700349327,0.0020449161529541,59.21546433031522,0.6788211415300716,69.12762190564294,0.6147812231231107,2.0,full
real_estate,outer_2,greedy,4,0.08,0.001,3,331.0,quantile,0,0.6559999413889627,67.10317225292862,28776.9213764162,0.0027437210083007,56.69624826605045,0.6924851218586938,67.23944316472402,0.625303238564269,2.0,full
real_estate,outer_2,greedy,4,0.08,0.0001,3,331.0,quantile,0,0.6531616147743392,67.69595839560317,28543.578831326253,0.0028049945831298,56.652835792616,0.6927205868477591,67.28407729616133,0.6250545115714221,2.0,full
real_estate,outer_2,greedy,4,0.08,1e-05,3,331.0,quantile,0,0.6529986263398544,67.72683964354006,28518.875916683217,0.0044362545013427,56.65234957089415,0.6927232240665897,67.29441918064784,0.6249968806565624,2.0,full
real_estate,outer_2,greedy,4,0.05,0.1,3,331.0,quantile,0,0.6151508060865947,74.36123400619583,28184.458979983683,0.0029504299163818,63.00913998133871,0.6582446176645463,74.17110811711717,0.5866760238406663,2.0,full
real_estate,outer_2,greedy,4,0.05,0.01,3,331.0,quantile,0,0.5689774156945678,82.95848063196549,26374.87692572697,0.002655029296875,59.21546433031522,0.6788211415300716,69.12762190564294,0.6147812231231107,2.0,full
real_estate,outer_2,greedy,4,0.05,0.001,3,331.0,quantile,0,0.568725036685162,83.02570547588617,25115.350601793845,0.0027897357940673,56.69624826605045,0.6924851218586938,67.23944316472402,0.625303238564269,2.0,full
real_estate,outer_2,greedy,4,0.05,0.0001,3,331.0,quantile,0,0.5412353478977093,88.11591426852142,24882.008056703897,0.0028114318847656,56.652835792616,0.6927205868477591,67.28407729616133,0.6250545115714221,2.0,full
real_estate,outer_2,greedy,4,0.05,1e-05,3,331.0,quantile,0,0.5372701008150446,88.84048392383492,24857.30514206086,0.0027582645416259,56.65234957089415,0.6927232240665897,67.29441918064784,0.6249968806565624,2.0,full
real_estate,outer_2,greedy,4,0.03,0.1,3,331.0,quantile,0,0.6291715090879834,72.01634241141383,24970.49217614987,0.0032086372375488,55.52226437196117,0.6988526951139228,67.8995968836444,0.6216244832253344,3.0,full
real_estate,outer_2,greedy,4,0.03,0.01,3,331.0,quantile,0,0.5548679019434082,85.0085673742361,23420.953528161142,0.0029411315917968,47.14489094188881,0.7442907452191803,68.18260358853942,0.6200474074674495,4.0,full
real_estate,outer_2,greedy,4,0.03,0.001,3,331.0,quantile,0,0.5004455714204045,93.76403445783974,22674.303418712272,0.0030338764190673,56.69624826605045,0.6924851218586938,67.23944316472402,0.625303238564269,2.0,full
real_estate,outer_2,greedy,4,0.03,0.0001,3,331.0,quantile,0,0.4825715675661013,97.49671836464238,22440.960873622324,0.0031070709228515,56.652835792616,0.6927205868477591,67.28407729616133,0.6250545115714221,2.0,full
real_estate,outer_2,greedy,4,0.03,1e-05,3,331.0,quantile,0,0.4778075482325685,98.3423846372622,22416.257958979288,0.0030465126037597,56.65234957089415,0.6927232240665897,67.29441918064784,0.6249968806565624,2.0,full
real_estate,outer_2,greedy,4,0.01,0.1,3,331.0,quantile,0,0.6432369113897218,68.87146934015163,20754.59331141133,0.0032227039337158,50.85588567383143,0.7241626745323637,67.9811113673754,0.621170237746393,4.0,full
real_estate,outer_2,greedy,4,0.01,0.01,3,331.0,quantile,0,0.588224544356983,77.77330982370947,18338.542875693714,0.0030896663665771,42.17717245716465,0.7712351620225936,66.88959116517844,0.6272528146618936,6.0,full
real_estate,outer_2,greedy,4,0.01,0.001,3,331.0,quantile,0,0.4964198070550085,94.57465485747544,17639.25180926117,0.0032980442047119,40.96426451187818,0.7778138555058224,59.92988138509288,0.6660363112584089,6.0,full
real_estate,outer_2,greedy,4,0.01,0.0001,3,331.0,quantile,0,0.4475054306457482,103.09516953831884,17192.861237818117,0.0032603740692138,40.67989637091602,0.7793562403529626,61.31220794181255,0.6583331944616118,6.0,full
real_estate,outer_2,greedy,4,0.01,1e-05,3,331.0,quantile,0,0.432265781604667,105.5136648094237,17068.645824407726,0.0032362937927246,40.46035995287488,0.780546984307037,62.33278207865537,0.6526459697333633,6.0,full
real_estate,outer_2,greedy,4,0.008,0.1,3,331.0,quantile,0,0.6398234851326542,69.49421872231059,20229.230552509594,0.0032029151916503,47.90913871124391,0.7401455404331393,65.09549242085123,0.6372505623759617,6.0,full
real_estate,outer_2,greedy,4,0.008,0.01,3,331.0,quantile,0,0.5786058290516737,79.5281592220645,17606.228720769242,0.003171682357788,42.17717245716465,0.7712351620225936,66.88959116517844,0.6272528146618936,6.0,full
real_estate,outer_2,greedy,4,0.008,0.001,3,331.0,quantile,0,0.4964198070550085,94.57465485747544,16906.9376543367,0.0032989978790283,40.96426451187818,0.7778138555058224,59.92988138509288,0.6660363112584089,6.0,full
real_estate,outer_2,greedy,4,0.008,0.0001,3,331.0,quantile,0,0.4475054306457482,103.09516953831884,16460.54708289365,0.0033669471740722,40.67989637091602,0.7793562403529626,61.31220794181255,0.6583331944616118,6.0,full
real_estate,outer_2,greedy,4,0.008,1e-05,3,331.0,quantile,0,0.4231283752067376,106.84131337658955,16336.331669483254,0.0033197402954101,40.46035995287488,0.780546984307037,62.33278207865537,0.6526459697333633,6.0,full
real_estate,outer_2,greedy,4,0.005,0.1,3,331.0,quantile,0,0.6420124331048199,69.00479343717623,19038.225520938657,0.0032100677490234,46.61637829926931,0.7471573458472962,65.47466940120293,0.6351375706576825,7.0,full
real_estate,outer_2,greedy,4,0.005,0.01,3,331.0,quantile,0,0.5786058290516737,79.5281592220645,16507.757488382533,0.0031754970550537,42.17717245716465,0.7712351620225936,66.88959116517844,0.6272528146618936,6.0,full
real_estate,outer_2,greedy,4,0.005,0.001,3,331.0,quantile,0,0.4944363021902114,94.85332925517449,15728.778052657495,0.0032563209533691,39.697072012007546,0.784686983077698,58.4281609231781,0.6744047594069569,7.0,full
real_estate,outer_2,greedy,4,0.005,0.0001,3,331.0,quantile,0,0.4294040963818579,106.69705413536892,15246.26247629257,0.0033409595489501,39.393577014904814,0.7863331101126403,59.94182467507568,0.6659697563931866,7.0,full
real_estate,outer_2,greedy,4,0.005,1e-05,3,331.0,quantile,0,0.4100002696885925,109.80297686037812,15117.650153140155,0.0032312870025634,39.17384740821806,0.7875249019029407,60.96599401495566,0.6602624971305738,7.0,full
real_estate,outer_2,greedy,4,0.003,0.1,3,331.0,quantile,0,0.6421684624536917,68.9821226559453,18183.859006860104,0.0032553672790527,46.61637829926931,0.7471573458472962,65.47466940120293,0.6351375706576825,7.0,full
real_estate,outer_2,greedy,4,0.003,0.01,3,331.0,quantile,0,0.5767608215864256,79.86476448977257,15651.026401254916,0.0031280517578125,40.45837196326343,0.7805577669672976,64.2569386110426,0.6419234653929475,8.0,full
real_estate,outer_2,greedy,4,0.003,0.001,3,331.0,quantile,0,0.4944363021902114,94.85332925517449,14874.411538578945,0.0033237934112548,39.697072012007546,0.784686983077698,58.4281609231781,0.6744047594069569,7.0,full
real_estate,outer_2,greedy,4,0.003,0.0001,3,331.0,quantile,0,0.4294040963818579,106.69705413536892,14391.89596221402,0.0032675266265869,39.393577014904814,0.7863331101126403,59.94182467507568,0.6659697563931866,7.0,full
real_estate,outer_2,greedy,4,0.003,1e-05,3,331.0,quantile,0,0.4100002696885925,109.80297686037812,14263.283639061608,0.0033230781555175,39.17384740821806,0.7875249019029407,60.96599401495566,0.6602624971305738,7.0,full
real_estate,outer_2,greedy,4,0.001,0.1,3,331.0,quantile,0,0.6409968237152692,69.15235963836244,17313.56594878179,0.0032463073730468,46.43369266451237,0.7481482147747571,64.150275578892,0.6425178530147163,8.0,full
real_estate,outer_2,greedy,4,0.001,0.01,3,331.0,quantile,0,0.5769247008527884,79.82812284379143,14674.607528022289,0.0031840801239013,40.45837196326343,0.7805577669672976,64.2569386110426,0.6419234653929475,8.0,full
real_estate,outer_2,greedy,4,0.001,0.001,3,331.0,quantile,0,0.4944363021902114,94.85332925517449,14020.045024500396,0.0033516883850097,39.697072012007546,0.784686983077698,58.4281609231781,0.6744047594069569,7.0,full
real_estate,outer_2,greedy,4,0.001,0.0001,3,331.0,quantile,0,0.4294040963818579,106.69705413536892,13537.529448135469,0.0033156871795654,39.393577014904814,0.7863331101126403,59.94182467507568,0.6659697563931866,7.0,full
real_estate,outer_2,greedy,4,0.001,1e-05,3,331.0,quantile,0,0.4100002696885925,109.80297686037812,13408.917124983056,0.0033235549926757,39.17384740821806,0.7875249019029407,60.96599401495566,0.6602624971305738,7.0,full
real_estate,outer_2,greedy,4,0.0005,0.1,3,331.0,quantile,0,0.6409968237152692,69.15235963836244,17069.461230473633,0.0032281875610351,46.43369266451237,0.7481482147747571,64.150275578892,0.6425178530147163,8.0,full
real_estate,outer_2,greedy,4,0.0005,0.01,3,331.0,quantile,0,0.5769247008527884,79.82812284379143,14430.502809714128,0.0031595230102539,40.45837196326343,0.7805577669672976,64.2569386110426,0.6419234653929475,8.0,full
real_estate,outer_2,greedy,4,0.0005,0.001,3,331.0,quantile,0,0.4944363021902114,94.85332925517449,13806.453395980758,0.0033047199249267,39.697072012007546,0.784686983077698,58.4281609231781,0.6744047594069569,7.0,full
real_estate,outer_2,greedy,4,0.0005,0.0001,3,331.0,quantile,0,0.4294040963818579,106.69705413536892,13323.93781961583,0.0033166408538818,39.393577014904814,0.7863331101126403,59.94182467507568,0.6659697563931866,7.0,full
real_estate,outer_2,greedy,4,0.0005,1e-05,3,331.0,quantile,0,0.4100002696885925,109.80297686037812,13195.325496463418,0.0033435821533203,39.17384740821806,0.7875249019029407,60.96599401495566,0.6602624971305738,7.0,full
real_estate,outer_2,greedy,4,0.0001,0.1,3,331.0,quantile,0,0.6409968237152692,69.15235963836244,16874.177455827106,0.0032668113708496,46.43369266451237,0.7481482147747571,64.150275578892,0.6425178530147163,8.0,full
real_estate,outer_2,greedy,4,0.0001,0.01,3,331.0,quantile,0,0.5769247008527884,79.82812284379143,14235.219035067605,0.0032143592834472,40.45837196326343,0.7805577669672976,64.2569386110426,0.6419234653929475,8.0,full
real_estate,outer_2,greedy,4,0.0001,0.001,3,331.0,quantile,0,0.4944363021902114,94.85332925517449,13635.580093165048,0.0033144950866699,39.697072012007546,0.784686983077698,58.4281609231781,0.6744047594069569,7.0,full
real_estate,outer_2,greedy,4,0.0001,0.0001,3,331.0,quantile,0,0.4294040963818579,106.69705413536892,13153.06451680012,0.0033590793609619,39.393577014904814,0.7863331101126403,59.94182467507568,0.6659697563931866,7.0,full
real_estate,outer_2,greedy,4,0.0001,1e-05,3,331.0,quantile,0,0.4100002696885925,109.80297686037812,13024.452193647709,0.0033259391784667,39.17384740821806,0.7875249019029407,60.96599401495566,0.6602624971305738,7.0,full
real_estate,outer_3,greedy,4,0.1,0.1,3,331.0,quantile,0,0.5913765340009397,81.73421246606317,35263.10996573559,0.0021350383758544,81.733346349263,0.5852411619865028,62.5378702941792,0.5294845286392063,1.0,full
real_estate,outer_3,greedy,4,0.1,0.01,3,331.0,quantile,0,0.5870387593126595,82.46146011806555,33586.03305430771,0.0020229816436767,81.1257947212383,0.5883242048145298,62.9343461644762,0.5265015675930682,1.0,full
real_estate,outer_3,greedy,4,0.1,0.001,3,331.0,quantile,0,0.6306755956919626,74.49542758255757,33078.71003810741,0.0025286674499511,59.72319083204613,0.6969324964854915,55.21745774098292,0.5845610342320616,2.0,full
real_estate,outer_3,greedy,4,0.1,0.0001,3,331.0,quantile,0,0.665729823540756,66.67536522885858,32831.04790518932,0.0024960041046142,59.68858473213652,0.6971081063978198,55.70977984519646,0.5808569559538006,2.0,full
real_estate,outer_3,greedy,4,0.1,1e-05,3,331.0,quantile,0,0.665772410157745,66.66473020760888,32805.206352827336,0.0025370121002197,59.68820820407097,0.6971100171031797,55.76449822390174,0.5804452719033604,2.0,full
real_estate,outer_3,greedy,4,0.08,0.1,3,331.0,quantile,0,0.5970961561274402,80.68279340383394,33714.705261666284,0.0024218559265136,66.02680345124658,0.6649445850392307,60.22204707437955,0.5469080617516493,2.0,full
real_estate,outer_3,greedy,4,0.08,0.01,3,331.0,quantile,0,0.6304947788267058,73.38141021671824,31872.72953895107,0.002295970916748,62.54973337425652,0.6825891035771273,55.734969220348,0.580667438935281,2.0,full
real_estate,outer_3,greedy,4,0.08,0.001,3,331.0,quantile,0,0.6651890514901296,66.80296984034425,30469.60468221617,0.0027832984924316,59.72319083204613,0.6969324964854915,55.21745774098292,0.5845610342320616,2.0,full
real_estate,outer_3,greedy,4,0.08,0.0001,3,331.0,quantile,0,0.665729823540756,66.67536522885858,30221.94254929808,0.0027685165405273,59.68858473213652,0.6971081063978198,55.70977984519646,0.5808569559538006,2.0,full
real_estate,outer_3,greedy,4,0.08,1e-05,3,331.0,quantile,0,0.665772410157745,66.66473020760888,30196.100996936093,0.0027570724487304,59.68820820407097,0.6971100171031797,55.76449822390174,0.5804452719033604,2.0,full
real_estate,outer_3,greedy,4,0.05,0.1,3,331.0,quantile,0,0.6214569636184688,75.25318695448834,29801.047227829426,0.0029423236846923,66.02680345124658,0.6649445850392307,60.22204707437955,0.5469080617516493,2.0,full
real_estate,outer_3,greedy,4,0.05,0.01,3,331.0,quantile,0,0.6304947788267058,73.38141021671824,27959.07150511421,0.0025246143341064,62.54973337425652,0.6825891035771273,55.734969220348,0.580667438935281,2.0,full
real_estate,outer_3,greedy,4,0.05,0.001,3,331.0,quantile,0,0.6425585737729298,70.89525537874313,26555.946648379308,0.0027816295623779,59.72319083204613,0.6969324964854915,55.21745774098292,0.5845610342320616,2.0,full
real_estate,outer_3,greedy,4,0.05,0.0001,3,331.0,quantile,0,0.6047361196730997,77.80623875835501,26308.28451546122,0.0045022964477539,59.68858473213652,0.6971081063978198,55.70977984519646,0.5808569559538006,2.0,full
real_estate,outer_3,greedy,4,0.05,1e-05,3,331.0,quantile,0,0.60316784913391,78.08969430059244,26282.442963099234,0.0028278827667236,59.68820820407097,0.6971100171031797,55.76449822390174,0.5804452719033604,2.0,full
real_estate,outer_3,greedy,4,0.03,0.1,3,331.0,quantile,0,0.6435351444493908,70.65262727826656,26533.79021318743,0.0031769275665283,58.00083136160112,0.7056726722461988,54.60830569650453,0.5891441046178918,3.0,full
real_estate,outer_3,greedy,4,0.03,0.01,3,331.0,quantile,0,0.620267530432292,75.55969596749797,24628.343871499244,0.0028896331787109,55.72115630939744,0.7172409661914874,55.65421041602897,0.5812750430430315,3.0,full
real_estate,outer_3,greedy,4,0.03,0.001,3,331.0,quantile,0,0.6299782340927713,73.61190719933094,23803.263780044188,0.0026965141296386,46.0154010493556,0.7664931741764188,83.3624111069642,0.3728071651423619,4.0,full
real_estate,outer_3,greedy,4,0.03,0.0001,3,331.0,quantile,0,0.5937859952706399,80.24683380425519,22797.71892108221,0.0027861595153808,44.6908390744394,0.7732147120814683,97.6918541313132,0.2649968958251678,4.0,full
real_estate,outer_3,greedy,4,0.03,1e-05,3,331.0,quantile,0,0.5921468274938865,80.54609112557809,22626.084006574347,0.0027761459350585,44.64738069424482,0.7734352432119866,100.86334917989107,0.2411355541983977,4.0,full
real_estate,outer_3,greedy,4,0.01,0.1,3,331.0,quantile,0,0.637139855270514,72.54860969379708,21701.87131615001,0.0031249523162841,51.30292683236018,0.7396614323270878,57.80807384752384,0.5650700449682744,5.0,full
real_estate,outer_3,greedy,4,0.01,0.01,3,331.0,quantile,0,0.6526014880503396,69.18584504686805,19515.79549936945,0.0031013488769531,47.49078371641014,0.7590062911850153,58.89116271857774,0.5569212214107668,5.0,full
real_estate,outer_3,greedy,4,0.01,0.001,3,331.0,quantile,0,0.6175174214378214,76.0437581770734,17348.126892445,0.0032479763031005,38.06301286972546,0.8068478571563775,87.76960696352899,0.3396487952446277,6.0,full
real_estate,outer_3,greedy,4,0.01,0.0001,3,331.0,quantile,0,0.5666824503785052,85.45228754103623,16227.301453356617,0.0032389163970947,36.604194360117,0.8142506847285199,103.32132868188584,0.2226424814644534,6.0,full
real_estate,outer_3,greedy,4,0.01,1e-05,3,331.0,quantile,0,0.5678757585453926,85.24552424253174,16036.321120922528,0.003237247467041,36.55544593525682,0.814498060383049,106.73431550501756,0.1969642308895619,6.0,full
real_estate,outer_3,greedy,4,0.008,0.1,3,331.0,quantile,0,0.637139855270514,72.54860969379708,21049.5949771772,0.0031495094299316,51.30292683236018,0.7396614323270878,57.80807384752384,0.5650700449682744,5.0,full
real_estate,outer_3,greedy,4,0.008,0.01,3,331.0,quantile,0,0.6526014880503396,69.18584504686805,18743.221699592792,0.0031442642211914,45.25646337010942,0.7703444310260247,56.02898109811631,0.5784553850773053,6.0,full
real_estate,outer_3,greedy,4,0.008,0.001,3,331.0,quantile,0,0.6175174214378214,76.0437581770734,16551.92439921989,0.0031602382659912,36.37469425187097,0.8154152913728305,85.49006908574222,0.3567993287374743,7.0,full
real_estate,outer_3,greedy,4,0.008,0.0001,3,331.0,quantile,0,0.5618978149866405,86.31749659518526,15405.03958287498,0.0032260417938232,34.89661615955936,0.8229158523977114,100.63152843149896,0.2428797013557576,7.0,full
real_estate,outer_3,greedy,4,0.008,1e-05,3,331.0,quantile,0,0.5630526717466117,86.02907101578653,15210.40167687622,0.0031812191009521,34.84717259799745,0.8231667555487097,103.95251638858726,0.2178936216145938,7.0,full
real_estate,outer_3,greedy,4,0.005,0.1,3,331.0,quantile,0,0.637139855270514,72.54860969379708,20071.180468717983,0.0031814575195312,51.30292683236018,0.7396614323270878,57.80807384752384,0.5650700449682744,5.0,full
real_estate,outer_3,greedy,4,0.005,0.01,3,331.0,quantile,0,0.6522455277420908,69.26518249847307,17512.970044121455,0.0031609535217285,43.46428921320133,0.7794388839517701,57.38911864020524,0.5682221335495339,7.0,full
real_estate,outer_3,greedy,4,0.005,0.001,3,331.0,quantile,0,0.6122194906128937,76.97431104174193,15182.144087376986,0.0032896995544433,36.37469425187097,0.8154152913728305,85.49006908574222,0.3567993287374743,7.0,full
real_estate,outer_3,greedy,4,0.005,0.0001,3,331.0,quantile,0,0.5708021733892655,84.61824729728654,14035.259271032077,0.0031580924987792,34.89661615955936,0.8229158523977114,100.63152843149896,0.2428797013557576,7.0,full
real_estate,outer_3,greedy,4,0.005,1e-05,3,331.0,quantile,0,0.5699520872398162,84.76497387730848,13840.621365033316,0.0032317638397216,34.84717259799745,0.8231667555487097,103.95251638858726,0.2178936216145938,7.0,full
real_estate,outer_3,greedy,4,0.003,0.1,3,331.0,quantile,0,0.6376698558637292,72.45276930588919,19289.34277873276,0.0031993389129638,50.39721391746339,0.7442575054470011,56.90624457580903,0.5718551277168844,7.0,full
real_estate,outer_3,greedy,4,0.003,0.01,3,331.0,quantile,0,0.6497125903658675,69.7308039297307,16577.050956799827,0.0032212734222412,42.47865254639424,0.7844405330569164,56.49953534068534,0.5749150814148731,8.0,full
real_estate,outer_3,greedy,4,0.003,0.001,3,331.0,quantile,0,0.6122194906128937,76.97431104174193,14214.160531423197,0.0032680034637451,35.53188868541583,0.819692138865658,84.27177973185746,0.365965358647039,8.0,full
real_estate,outer_3,greedy,4,0.003,0.0001,3,331.0,quantile,0,0.5708021733892655,84.61824729728654,13037.547541619768,0.0032808780670166,34.03815986822284,0.8272721200630364,99.30111847673707,0.2528892917691066,8.0,full
real_estate,outer_3,greedy,4,0.003,1e-05,3,331.0,quantile,0,0.5699520872398162,84.76497387730848,12823.09873293177,0.0032675266265869,33.92809543409818,0.827830646036133,102.53017846509576,0.2285948494523479,8.0,full
real_estate,outer_3,greedy,4,0.001,0.1,3,331.0,quantile,0,0.6377374035947151,72.4377140744099,18251.52204602273,0.0032300949096679,49.95369107429921,0.7465081782418863,57.25012483324034,0.5692678796917143,8.0,full
real_estate,outer_3,greedy,4,0.001,0.01,3,331.0,quantile,0,0.6497125903658675,69.7308039297307,15533.40881444333,0.0030865669250488,42.47865254639424,0.7844405330569164,56.49953534068534,0.5749150814148731,8.0,full
real_estate,outer_3,greedy,4,0.001,0.001,3,331.0,quantile,0,0.6122194906128937,76.97431104174193,13170.518389066703,0.0032777786254882,35.53188868541583,0.819692138865658,84.27177973185746,0.365965358647039,8.0,full
real_estate,outer_3,greedy,4,0.001,0.0001,3,331.0,quantile,0,0.5708021733892655,84.61824729728654,11993.905399263274,0.0031919479370117,34.03815986822284,0.8272721200630364,99.30111847673707,0.2528892917691066,8.0,full
real_estate,outer_3,greedy,4,0.001,1e-05,3,331.0,quantile,0,0.5699520872398162,84.76497387730848,11779.456590575275,0.0032684803009033,33.92809543409818,0.827830646036133,102.53017846509576,0.2285948494523479,8.0,full
real_estate,outer_3,greedy,4,0.0005,0.1,3,331.0,quantile,0,0.6362762198426635,72.70631861092438,17990.61151043361,0.003204345703125,49.95369107429921,0.7465081782418863,57.25012483324034,0.5692678796917143,8.0,full
real_estate,outer_3,greedy,4,0.0005,0.01,3,331.0,quantile,0,0.6497125903658675,69.7308039297307,15272.498278854204,0.003183364868164,42.47865254639424,0.7844405330569164,56.49953534068534,0.5749150814148731,8.0,full
real_estate,outer_3,greedy,4,0.0005,0.001,3,331.0,quantile,0,0.6122194906128937,76.97431104174193,12909.607853477575,0.0032505989074707,35.53188868541583,0.819692138865658,84.27177973185746,0.365965358647039,8.0,full
real_estate,outer_3,greedy,4,0.0005,0.0001,3,331.0,quantile,0,0.5708021733892655,84.61824729728654,11732.994863674146,0.003272533416748,34.03815986822284,0.8272721200630364,99.30111847673707,0.2528892917691066,8.0,full
real_estate,outer_3,greedy,4,0.0005,1e-05,3,331.0,quantile,0,0.5699520872398162,84.76497387730848,11518.546054986153,0.0032379627227783,33.92809543409818,0.827830646036133,102.53017846509576,0.2285948494523479,8.0,full
real_estate,outer_3,greedy,4,0.0001,0.1,3,331.0,quantile,0,0.6362762198426635,72.70631861092438,17781.88308196231,0.0032012462615966,49.95369107429921,0.7465081782418863,57.25012483324034,0.5692678796917143,8.0,full
real_estate,outer_3,greedy,4,0.0001,0.01,3,331.0,quantile,0,0.6497125903658675,69.7308039297307,15063.769850382903,0.0031573772430419,42.47865254639424,0.7844405330569164,56.49953534068534,0.5749150814148731,8.0,full
real_estate,outer_3,greedy,4,0.0001,0.001,3,331.0,quantile,0,0.6122194906128937,76.97431104174193,12700.879425006277,0.0032551288604736,35.53188868541583,0.819692138865658,84.27177973185746,0.365965358647039,8.0,full
real_estate,outer_3,greedy,4,0.0001,0.0001,3,331.0,quantile,0,0.5708021733892655,84.61824729728654,11524.266435202848,0.0032770633697509,34.03815986822284,0.8272721200630364,99.30111847673707,0.2528892917691066,8.0,full
real_estate,outer_3,greedy,4,0.0001,1e-05,3,331.0,quantile,0,0.5699520872398162,84.76497387730848,11309.817626514852,0.0032458305358886,33.92809543409818,0.827830646036133,102.53017846509576,0.2285948494523479,8.0,full
real_estate,outer_4,greedy,4,0.1,0.1,3,332.0,quantile,0,0.5249238822464073,87.32648955422455,35724.33513661662,0.0021357536315917,84.16150502936367,0.5511267383056181,53.33099264770272,0.6923144159658545,1.0,full
real_estate,outer_4,greedy,4,0.1,0.01,3,332.0,quantile,0,0.5274333075046748,86.86774245068649,34181.26851485541,0.0021350383758544,83.62760110698177,0.5539743013926538,51.88852734267088,0.700636514576686,1.0,full
real_estate,outer_4,greedy,4,0.1,0.001,3,332.0,quantile,0,0.5587158272190181,80.64713857763131,34005.78947832363,0.002528429031372,83.61793424268183,0.5540258593692746,51.77838897229802,0.7012719422544831,1.0,full
real_estate,outer_4,greedy,4,0.1,0.0001,3,332.0,quantile,0,0.5873886953394615,76.0846590693294,33927.95198508864,0.0025293827056884,64.62200598834514,0.6553401629984886,34.26839840636974,0.8022933447492686,2.0,full
real_estate,outer_4,greedy,4,0.1,1e-05,3,332.0,quantile,0,0.5873568221970126,76.09046047030056,33906.47642830765,0.0024986267089843,64.62172217232354,0.6553416767240724,34.25731135021692,0.8023573099443313,2.0,full
real_estate,outer_4,greedy,4,0.08,0.1,3,332.0,quantile,0,0.5648422599475404,79.59073266638539,34194.56685002308,0.0024189949035644,68.95738480395181,0.6322175295693082,48.75006662370868,0.7187434177363764,2.0,full
real_estate,outer_4,greedy,4,0.08,0.01,3,332.0,quantile,0,0.5759956538722925,77.45687821339585,32789.499710887474,0.0020613670349121,68.19089357464068,0.6363055911841877,47.03081313322996,0.7286624064530336,2.0,full
real_estate,outer_4,greedy,4,0.08,0.001,3,332.0,quantile,0,0.6223244532100236,69.34173854966336,31644.61394005037,0.0024936199188232,64.64828105637821,0.6552000255866739,34.39023295113623,0.8015904376552708,2.0,full
real_estate,outer_4,greedy,4,0.08,0.0001,3,332.0,quantile,0,0.6224673883458803,69.31410023258405,31438.01800557057,0.0025031566619873,64.62200598834514,0.6553401629984886,34.26839840636974,0.8022933447492686,2.0,full
real_estate,outer_4,greedy,4,0.08,1e-05,3,332.0,quantile,0,0.6224624318044651,69.31470644481341,31416.54244878958,0.0041689872741699,64.62172217232354,0.6553416767240724,34.25731135021692,0.8023573099443313,2.0,full
real_estate,outer_4,greedy,4,0.05,0.1,3,332.0,quantile,0,0.5670597816006295,79.14988615642451,30459.66588074597,0.00282883644104,68.95738480395181,0.6322175295693082,48.75006662370868,0.7187434177363764,2.0,full
real_estate,outer_4,greedy,4,0.05,0.01,3,332.0,quantile,0,0.5782572079381474,77.00727799613028,29054.598741610367,0.002634048461914,68.19089357464068,0.6363055911841877,47.03081313322996,0.7286624064530336,2.0,full
real_estate,outer_4,greedy,4,0.05,0.001,3,332.0,quantile,0,0.5942921955390058,74.34640112962744,27909.712970773267,0.0027892589569091,64.64828105637821,0.6552000255866739,34.39023295113623,0.8015904376552708,2.0,full
real_estate,outer_4,greedy,4,0.05,0.0001,3,332.0,quantile,0,0.5887248440128202,75.49653344171794,27703.117036293468,0.0027582645416259,64.62200598834514,0.6553401629984886,34.26839840636974,0.8022933447492686,2.0,full
real_estate,outer_4,greedy,4,0.05,1e-05,3,332.0,quantile,0,0.587257111270557,75.79249836665598,27681.641479512477,0.0026609897613525,64.62172217232354,0.6553416767240724,34.25731135021692,0.8023573099443313,2.0,full
real_estate,outer_4,greedy,4,0.03,0.1,3,332.0,quantile,0,0.5886115278227574,75.49237070881074,27340.259459333705,0.0030488967895507,61.55174540607058,0.6717153202789631,41.3817380038284,0.7612539427089701,3.0,full
real_estate,outer_4,greedy,4,0.03,0.01,3,332.0,quantile,0,0.5821951362421842,76.41880676210776,25448.828082812604,0.0028853416442871,52.62326266701934,0.7193351574914942,46.02619830476174,0.7344583889555254,4.0,full
real_estate,outer_4,greedy,4,0.03,0.001,3,332.0,quantile,0,0.5984482278410579,73.54424292996737,25227.349224089445,0.0030291080474853,58.16657326645343,0.6897700503978785,36.33320322960334,0.7903807467192652,3.0,full
real_estate,outer_4,greedy,4,0.03,0.0001,3,332.0,quantile,0,0.581493707815202,76.89221922378327,24285.025338542768,0.0030252933502197,50.002017821272766,0.7333155006804538,52.96257194740164,0.6944399668456447,4.0,full
real_estate,outer_4,greedy,4,0.03,1e-05,3,332.0,quantile,0,0.5797615204529651,77.23922668795882,24056.37949796202,0.0029325485229492,49.865964236420965,0.7340411390394201,58.09319794334035,0.664839549196393,4.0,full
real_estate,outer_4,greedy,4,0.01,0.1,3,332.0,quantile,0,0.6044027960888491,72.44448888257396,22863.831006830314,0.0029916763305664,56.49618123169387,0.6986790441318812,43.83220468999036,0.7471163233612746,4.0,full
real_estate,outer_4,greedy,4,0.01,0.01,3,332.0,quantile,0,0.5873736598582725,75.4547063562074,20350.153479623787,0.0030703544616699,50.07350573384196,0.7329342217040921,44.52063515023534,0.7431445216431511,5.0,full
real_estate,outer_4,greedy,4,0.01,0.001,3,332.0,quantile,0,0.6058252198674116,72.26904568813302,19055.37626266593,0.0031757354736328,42.05452286120532,0.7757032643472332,45.63694350457443,0.7367041392141958,7.0,full
real_estate,outer_4,greedy,4,0.01,0.0001,3,332.0,quantile,0,0.562447968581297,80.61050879736865,17887.804645900185,0.0032441616058349,39.83644489728776,0.7875333271533669,62.47050623426076,0.6395852910038564,7.0,full
real_estate,outer_4,greedy,4,0.01,1e-05,3,332.0,quantile,0,0.5584724391084661,81.24243233365137,17566.000107477164,0.0032522678375244,39.65482171815804,0.7885020097926189,68.46305520619795,0.6050121312191935,7.0,full
real_estate,outer_4,greedy,4,0.008,0.1,3,332.0,quantile,0,0.6037869361785665,72.56335636024761,22365.8442109267,0.0030670166015625,56.49618123169387,0.6986790441318812,43.83220468999036,0.7471163233612746,4.0,full
real_estate,outer_4,greedy,4,0.008,0.01,3,332.0,quantile,0,0.5873736598582725,75.4547063562074,19727.66998474427,0.0031123161315917,50.07350573384196,0.7329342217040921,44.52063515023534,0.7431445216431511,5.0,full
real_estate,outer_4,greedy,4,0.008,0.001,3,332.0,quantile,0,0.6058252198674116,72.26904568813302,18183.89936983461,0.0031268596649169,42.05452286120532,0.7757032643472332,45.63694350457443,0.7367041392141958,7.0,full
real_estate,outer_4,greedy,4,0.008,0.0001,3,332.0,quantile,0,0.56605361453081,80.03615008156997,17016.32775306886,0.0032737255096435,39.83644489728776,0.7875333271533669,62.47050623426076,0.6395852910038564,7.0,full
real_estate,outer_4,greedy,4,0.008,1e-05,3,332.0,quantile,0,0.5578607907840438,81.33986440298223,16694.52321464584,0.0031769275665283,39.65482171815804,0.7885020097926189,68.46305520619795,0.6050121312191935,7.0,full
real_estate,outer_4,greedy,4,0.005,0.1,3,332.0,quantile,0,0.6110632926446121,71.11494582204399,21446.502875608785,0.0031678676605224,54.46859954112588,0.7094930998748188,40.94259154297216,0.7637875358145336,6.0,full
real_estate,outer_4,greedy,4,0.005,0.01,3,332.0,quantile,0,0.5889416993794718,75.14297783286314,18579.178233474253,0.0031192302703857,46.72711493397544,0.7507821125268153,41.54207916140978,0.760328877183919,7.0,full
real_estate,outer_4,greedy,4,0.005,0.001,3,332.0,quantile,0,0.6108612686023899,71.46683201418301,16816.908430738313,0.0031633377075195,40.7628640045515,0.7825922942401795,45.34422376665243,0.7383929441482388,8.0,full
real_estate,outer_4,greedy,4,0.005,0.0001,3,332.0,quantile,0,0.5668424399053734,79.91049472453612,15579.718068291882,0.0031476020812988,38.47723886808461,0.7947826181852968,62.6309846213219,0.6386594337528215,8.0,full
real_estate,outer_4,greedy,4,0.005,1e-05,3,332.0,quantile,0,0.5586539594832104,81.21351717925482,15247.74069845449,0.0030939579010009,38.29261296661644,0.7957673157683114,69.07116088240701,0.6015037519288462,8.0,full
real_estate,outer_4,greedy,4,0.003,0.1,3,332.0,quantile,0,0.6074363670977742,71.89847848152657,20699.52268175336,0.0030140876770019,54.46859954112588,0.7094930998748188,40.94259154297216,0.7637875358145336,6.0,full
real_estate,outer_4,greedy,4,0.003,0.01,3,332.0,quantile,0,0.5906397545681809,74.87248738227576,17664.640502141665,0.0030970573425292,45.67949979183322,0.7563695414313927,40.80202067864731,0.7645985394418932,8.0,full
real_estate,outer_4,greedy,4,0.003,0.001,3,332.0,quantile,0,0.6108612686023899,71.46683201418301,15820.934838931084,0.0031957626342773,40.7628640045515,0.7825922942401795,45.34422376665243,0.7383929441482388,8.0,full
real_estate,outer_4,greedy,4,0.003,0.0001,3,332.0,quantile,0,0.5668424399053734,79.91049472453612,14583.744476484651,0.0032277107238769,38.47723886808461,0.7947826181852968,62.6309846213219,0.6386594337528215,8.0,full
real_estate,outer_4,greedy,4,0.003,1e-05,3,332.0,quantile,0,0.5586539594832104,81.21351717925482,14251.767106647265,0.003192663192749,38.29261296661644,0.7957673157683114,69.07116088240701,0.6015037519288462,8.0,full
real_estate,outer_4,greedy,4,0.001,0.1,3,332.0,quantile,0,0.6074363670977742,71.89847848152657,19859.21524052267,0.0030426979064941,53.76251022156108,0.7132590094294309,40.7007661437579,0.7651827130932136,8.0,full
real_estate,outer_4,greedy,4,0.001,0.01,3,332.0,quantile,0,0.5906397545681809,74.87248738227576,16668.666910334432,0.0030136108398437,45.67949979183322,0.7563695414313927,40.80202067864731,0.7645985394418932,8.0,full
real_estate,outer_4,greedy,4,0.001,0.001,3,332.0,quantile,0,0.6108612686023899,71.46683201418301,14824.961247123854,0.0031437873840332,40.7628640045515,0.7825922942401795,45.34422376665243,0.7383929441482388,8.0,full
real_estate,outer_4,greedy,4,0.001,0.0001,3,332.0,quantile,0,0.5668424399053734,79.91049472453612,13587.770884677426,0.0031740665435791,38.47723886808461,0.7947826181852968,62.6309846213219,0.6386594337528215,8.0,full
real_estate,outer_4,greedy,4,0.001,1e-05,3,332.0,quantile,0,0.5586539594832104,81.21351717925482,13255.793514840034,0.0032298564910888,38.29261296661644,0.7957673157683114,69.07116088240701,0.6015037519288462,8.0,full
real_estate,outer_4,greedy,4,0.0005,0.1,3,332.0,quantile,0,0.6074363670977742,71.89847848152657,19610.221842570863,0.0031237602233886,53.76251022156108,0.7132590094294309,40.7007661437579,0.7651827130932136,8.0,full
real_estate,outer_4,greedy,4,0.0005,0.01,3,332.0,quantile,0,0.5906397545681809,74.87248738227576,16419.67351238263,0.0031001567840576,45.67949979183322,0.7563695414313927,40.80202067864731,0.7645985394418932,8.0,full
real_estate,outer_4,greedy,4,0.0005,0.001,3,332.0,quantile,0,0.6108612686023899,71.46683201418301,14575.967849172048,0.0031242370605468,40.7628640045515,0.7825922942401795,45.34422376665243,0.7383929441482388,8.0,full
real_estate,outer_4,greedy,4,0.0005,0.0001,3,332.0,quantile,0,0.5668424399053734,79.91049472453612,13338.777486725618,0.0030961036682128,38.47723886808461,0.7947826181852968,62.6309846213219,0.6386594337528215,8.0,full
real_estate,outer_4,greedy,4,0.0005,1e-05,3,332.0,quantile,0,0.5586539594832104,81.21351717925482,13006.800116888227,0.0031683444976806,38.29261296661644,0.7957673157683114,69.07116088240701,0.6015037519288462,8.0,full
real_estate,outer_4,greedy,4,0.0001,0.1,3,332.0,quantile,0,0.6074363670977742,71.89847848152657,19411.027124209417,0.0032153129577636,53.76251022156108,0.7132590094294309,40.7007661437579,0.7651827130932136,8.0,full
real_estate,outer_4,greedy,4,0.0001,0.01,3,332.0,quantile,0,0.5906397545681809,74.87248738227576,16220.478794021185,0.0031664371490478,45.67949979183322,0.7563695414313927,40.80202067864731,0.7645985394418932,8.0,full
real_estate,outer_4,greedy,4,0.0001,0.001,3,332.0,quantile,0,0.6108612686023899,71.46683201418301,14376.7731308106,0.0032200813293457,40.7628640045515,0.7825922942401795,45.34422376665243,0.7383929441482388,8.0,full
real_estate,outer_4,greedy,4,0.0001,0.0001,3,332.0,quantile,0,0.5668424399053734,79.91049472453612,13139.582768364173,0.0032291412353515,38.47723886808461,0.7947826181852968,62.6309846213219,0.6386594337528215,8.0,full
real_estate,outer_4,greedy,4,0.0001,1e-05,3,332.0,quantile,0,0.5586539594832104,81.21351717925482,12807.60539852678,0.0032863616943359,38.29261296661644,0.7957673157683114,69.07116088240701,0.6015037519288462,8.0,full
real_estate,mean,greedy,4,0.0001,1e-05,3,,quantile,0,0.5425711362423247,84.75415628923466,11868.632320095983,0.00324406623840326,35.56735289956249,0.8072562241815072,87.83986533389562,0.501743450323728,7.6,full
real_estate,mean,greedy,4,0.0001,0.0001,3,,quantile,0,0.5499803989831673,83.53875234638227,12158.126876624854,0.0032431602478026995,35.857632507932706,0.8056342686474505,84.06332059747359,0.5227873243840073,7.6,full
real_estate,mean,greedy,4,0.0001,0.001,3,,quantile,0,0.5721007028144559,79.6645086735045,12329.987819776787,0.0032649517059325796,34.94639068312186,0.8108409598244632,86.96186269479792,0.5187026976932436,8.0,full
real_estate,mean,greedy,4,0.0001,0.01,3,,quantile,0,0.6125102296852253,71.99181053141697,14349.426718519175,0.0032183170318603,40.06398951290185,0.7831959282429929,69.28991196123141,0.6206926113462113,8.2,full
real_estate,mean,greedy,4,0.0001,0.1,3,,quantile,0,0.62491983257426,70.2011570917675,17121.203523732478,0.0032018184661864596,47.55179345525251,0.7425358247205643,66.65571538165696,0.6337784769658698,8.2,full
real_estate,mean,greedy,4,0.0005,1e-05,3,,quantile,0,0.5425711362423247,84.75415628923466,12054.32398608368,0.00318102836608882,35.56735289956249,0.8072562241815072,87.83986533389562,0.501743450323728,7.6,full
real_estate,mean,greedy,4,0.0005,0.0001,3,,quantile,0,0.5499803989831673,83.53875234638227,12343.818542612551,0.0031470775604247403,35.857632507932706,0.8056342686474505,84.06332059747359,0.5227873243840073,7.6,full
real_estate,mean,greedy,4,0.0005,0.001,3,,quantile,0,0.5721007028144559,79.6645086735045,12525.039576495601,0.00321798324584956,34.94639068312186,0.8108409598244632,86.96186269479792,0.5187026976932436,8.0,full
real_estate,mean,greedy,4,0.0005,0.01,3,,quantile,0,0.6125102296852253,71.99181053141697,14549.53943922107,0.00315823554992672,40.06398951290185,0.7831959282429929,69.28991196123141,0.6206926113462113,8.2,full
real_estate,mean,greedy,4,0.0005,0.1,3,,quantile,0,0.62491983257426,70.2011570917675,17321.316244434372,0.0031399250030517004,47.55179345525251,0.7425358247205643,66.65571538165696,0.6337784769658698,8.2,full
real_estate,mean,greedy,4,0.001,1e-05,3,,quantile,0,0.5425711362423247,84.75415628923466,12286.438568568301,0.0031890869140624597,35.56735289956249,0.8072562241815072,87.83986533389562,0.501743450323728,7.6,full
real_estate,mean,greedy,4,0.001,0.0001,3,,quantile,0,0.5499803989831673,83.53875234638227,12575.933125097172,0.0031571865081786803,35.857632507932706,0.8056342686474505,84.06332059747359,0.5227873243840073,7.6,full
real_estate,mean,greedy,4,0.001,0.001,3,,quantile,0,0.5721007028144559,79.6645086735045,12768.85427239412,0.0032415866851806204,34.94639068312186,0.8108409598244632,86.96186269479792,0.5187026976932436,8.0,full
real_estate,mean,greedy,4,0.001,0.01,3,,quantile,0,0.6125102296852253,71.99181053141697,14799.680340098445,0.0031009197235107,40.06398951290185,0.7831959282429929,69.28991196123141,0.6206926113462113,8.2,full
real_estate,mean,greedy,4,0.001,0.1,3,,quantile,0,0.6252120693246702,70.1474361844646,17571.457145311746,0.00313234329223626,47.55179345525251,0.7425358247205643,66.65571538165696,0.6337784769658698,8.2,full
real_estate,mean,greedy,4,0.003,1e-05,3,,quantile,0,0.5425711362423247,84.75415628923466,13214.896898506786,0.0032143592834472197,35.56735289956249,0.8072562241815072,87.83986533389562,0.501743450323728,7.6,full
real_estate,mean,greedy,4,0.003,0.0001,3,,quantile,0,0.5499803989831673,83.53875234638227,13504.391455035657,0.00319743156433102,35.857632507932706,0.8056342686474505,84.06332059747359,0.5227873243840073,7.6,full
real_estate,mean,greedy,4,0.003,0.001,3,,quantile,0,0.5721007028144559,79.6645086735045,13740.589561769335,0.00324935913085934,35.07227896173306,0.8101147989846009,87.15673154801378,0.5178236922532546,7.8,full
real_estate,mean,greedy,4,0.003,0.01,3,,quantile,0,0.612641539300941,71.96899023035074,15800.243943607924,0.0031711101531981998,40.06398951290185,0.7831959282429929,69.28991196123141,0.6206926113462113,8.2,full
real_estate,mean,greedy,4,0.003,0.1,3,,quantile,0,0.630983886978137,68.97882775455369,18500.97302547759,0.003113842010498,47.87769003724483,0.7408043420344996,66.92883963262983,0.632397179878643,7.2,full
real_estate,mean,greedy,4,0.005,1e-05,3,,quantile,0,0.5425566080759496,84.75682565611483,14138.131326394281,0.00311136245727534,35.75116833234235,0.8063234460840226,88.12433291859392,0.4996032047561772,7.4,full
real_estate,mean,greedy,4,0.005,0.0001,3,,quantile,0,0.5501901347235015,83.50021605595298,14423.663702385305,0.0031616210937499404,36.0293237662,0.8047630151143854,84.32940258842596,0.5207854063013375,7.4,full
real_estate,mean,greedy,4,0.005,0.001,3,,quantile,0,0.5724011131649889,79.60931206992295,14670.20267193371,0.0032043933868407598,35.608963843706135,0.807135982664866,88.10576279732138,0.5128087205518865,7.2,full
real_estate,mean,greedy,4,0.005,0.01,3,,quantile,0,0.6137184603392815,71.76708841175397,16696.486438987085,0.00315022468566892,41.607747463132604,0.7747328935763422,70.18872525606052,0.6154294405596058,6.6,full
real_estate,mean,greedy,4,0.005,0.1,3,,quantile,0,0.6315720660990872,68.84582345648495,19303.22029248059,0.00315170288085932,48.581198205403965,0.736927352478375,66.42432377447402,0.6341350377750077,6.0,full
real_estate,mean,greedy,4,0.008,1e-05,3,,quantile,0,0.5436437123411044,84.44258183179821,15446.888586178367,0.00315384864807124,36.49018920152933,0.8022676319610864,88.84015739837206,0.4962371129775436,6.8,full
real_estate,mean,greedy,4,0.008,0.0001,3,,quantile,0,0.5518717648208419,83.14482006752948,15727.505094957567,0.0031767368316649803,36.76709425117102,0.8007141391415409,85.16765205048004,0.5167536449649294,6.8,full
real_estate,mean,greedy,4,0.008,0.001,3,,quantile,0,0.5728501905559381,79.52790935223945,15944.593605841077,0.00317449569702144,36.12073411501102,0.8043835511719015,88.46465083728873,0.5107972699353682,6.8,full
real_estate,mean,greedy,4,0.008,0.01,3,,quantile,0,0.6134760444966914,71.81356662610183,17818.818177980625,0.00317306518554682,42.84276252960886,0.768148645119149,70.62996230505132,0.6135089654813214,5.8,full
real_estate,mean,greedy,4,0.008,0.1,3,,quantile,0,0.6309326987556886,69.01208300917745,20310.4234670748,0.0031442165374755402,49.40945689479577,0.7324150821941044,67.06186953430024,0.6306123735510974,5.2,full
real_estate,mean,greedy,4,0.01,1e-05,3,,quantile,0,0.5465581406453309,84.00085634984791,16258.83711868152,0.00317783355712888,37.194572277287705,0.7985200365114249,88.85340926969381,0.4947738338660118,6.4,full
real_estate,mean,greedy,4,0.01,0.0001,3,,quantile,0,0.5521075627093122,83.0866499998594,16532.8886023005,0.0031985282897948803,37.451951054445,0.7970748865505255,85.21920276650836,0.5151445699664732,6.4,full
real_estate,mean,greedy,4,0.01,0.001,3,,quantile,0,0.5705679018931873,79.99562113695032,16752.19548962638,0.0032099246978759396,36.458397838581924,0.8026700643286109,88.92055841284608,0.507367163236799,6.6,full
real_estate,mean,greedy,4,0.01,0.01,3,,quantile,0,0.6220565343421675,70.09534865925316,18524.292558630124,0.00315036773681638,43.742356132492816,0.7633674773912759,71.65314538751302,0.6069425401859092,5.4,full
real_estate,mean,greedy,4,0.01,0.1,3,,quantile,0,0.6306181487341969,69.09583656371142,20895.199028300507,0.0030904769897460603,50.30053369446784,0.727478056051958,67.02139473971226,0.6301821438472438,4.6,full
real_estate,mean,greedy,4,0.03,1e-05,3,,quantile,0,0.5705740098708715,79.67401199952579,22190.972198838783,0.00292782783508296,48.11155235858994,0.73901810340012,81.41067201805427,0.5347972942069602,3.4,full
real_estate,mean,greedy,4,0.03,0.0001,3,,quantile,0,0.5730943190613969,79.22667830259137,22295.83387671171,0.0029747486114501402,49.221159907634636,0.7326355380296357,78.36242416990714,0.5517543157542146,3.2,full
real_estate,mean,greedy,4,0.03,0.001,3,,quantile,0,0.5792687952808478,78.07487486988836,22645.828785323505,0.00297594070434564,48.14353908581787,0.7390993476131201,84.86426303163651,0.5288311316457561,3.4,full
real_estate,mean,greedy,4,0.03,0.01,3,,quantile,0,0.5938549146897438,75.52355125847652,23465.940810097673,0.0029163837432861,50.64745811554134,0.7255864207930345,70.0481043976376,0.6154068977336126,3.4,full
real_estate,mean,greedy,4,0.03,0.1,3,,quantile,0,0.6161197493925477,71.68922381688293,25331.057370768463,0.00305871963500972,55.94427072511262,0.6968953796276802,66.0641227995218,0.6363131102405275,3.0,full
real_estate,mean,greedy,4,0.05,1e-05,3,,quantile,0,0.5855747826546889,77.07670106850057,25256.264074453942,0.00265040397644038,57.79705197764266,0.6868088564858623,63.75785070733184,0.6483492896617257,2.0,full
real_estate,mean,greedy,4,0.05,0.0001,3,,quantile,0,0.5871172674841726,76.79254512247266,25278.212394648664,0.00307760238647458,57.797411755906225,0.6868069039637786,63.755229083365144,0.6483918863945328,2.0,full
real_estate,mean,greedy,4,0.05,0.001,3,,quantile,0,0.597601727733909,74.8975621722735,25487.491457847023,0.0026917934417724,57.82999521394629,0.6866301685822674,63.757141600734755,0.6486409895678307,2.0,full
real_estate,mean,greedy,4,0.05,0.01,3,,quantile,0,0.5951355397096239,75.35320086598124,26640.297963309178,0.00263133049011226,60.19395438036008,0.6739410388047606,69.21244219699396,0.6191079099816976,2.0,full
real_estate,mean,greedy,4,0.05,0.1,3,,quantile,0,0.5951090260074325,75.41840895153004,28459.745377373154,0.0029265403747558197,63.25118252953596,0.6572790788704175,72.31640058724138,0.6009039103628485,2.0,full
real_estate,mean,greedy,4,0.08,1e-05,3,,quantile,0,0.6314470760479913,68.7774476558856,28922.303639668877,0.0032146453857421404,57.79705197764266,0.6868088564858623,63.75785070733184,0.6483492896617257,2.0,full
real_estate,mean,greedy,4,0.08,0.0001,3,,quantile,0,0.6315726871435795,68.75645394157314,28944.251959863606,0.00254893302917476,57.797411755906225,0.6868069039637786,63.755229083365144,0.6483918863945328,2.0,full
real_estate,mean,greedy,4,0.08,0.001,3,,quantile,0,0.6279746321871167,69.457128185795,29153.53102306196,0.0026074886322021,57.82999521394629,0.6866301685822674,63.757141600734755,0.6486409895678307,2.0,full
real_estate,mean,greedy,4,0.08,0.01,3,,quantile,0,0.5934265218617822,75.77058044738456,30306.337528524116,0.00223598480224606,60.19395438036008,0.6739410388047606,69.21244219699396,0.6191079099816976,2.0,full
real_estate,mean,greedy,4,0.08,0.1,3,,quantile,0,0.590792893342772,76.47162863182082,32005.746874733228,0.00243835449218744,71.10285508934027,0.613468349932423,79.75567519073306,0.5640145623007505,1.4,full
real_estate,mean,greedy,4,0.1,1e-05,3,,quantile,0,0.615406205907391,71.51708611184088,31354.726130066345,0.0024579524993895998,64.83384924312122,0.6469959234326078,72.53937480571096,0.6064339645669703,1.6,full
real_estate,mean,greedy,4,0.1,0.0001,3,,quantile,0,0.6155141460442746,71.49938734989534,31369.85997152965,0.0025302410125731803,64.8340789275864,0.6469947090046064,72.52842585657342,0.6065159763010938,1.6,full
real_estate,mean,greedy,4,0.1,0.001,3,,quantile,0,0.599107727000543,74.68388438361653,31478.335762499297,0.0025547027587890002,72.4402782878307,0.6060853897843634,79.20839171293538,0.5687951717499302,1.2,full
real_estate,mean,greedy,4,0.1,0.01,3,,quantile,0,0.5658317430758582,80.88755794396113,31724.297324254923,0.00218396186828608,76.72862969182891,0.5843206609356271,80.77257276889296,0.5570713371148027,1.0,full
real_estate,mean,greedy,4,0.1,0.1,3,,quantile,0,0.5688261181989585,80.4016290643286,33333.49072772984,0.0022093772888183002,77.28498771402592,0.5813095070691394,81.1350250394918,0.5552440553241575,1.0,full
real_estate,std,greedy,4,0.0001,1e-05,3,,quantile,0,0.07555913155058233,15.19723059627336,1617.919405317216,0.00013362011811564854,4.969374293859989,0.02566959948981242,21.28191514866959,0.16570568261847887,1.140175425099138,full
real_estate,std,greedy,4,0.0001,0.0001,3,,quantile,0,0.06898353137519851,14.311127026423959,1463.0932727669087,0.00015145955658040901,4.728689390178169,0.024582882486802928,20.904296801862003,0.1636401705721896,1.140175425099138,full
real_estate,std,greedy,4,0.0001,0.001,3,,quantile,0,0.058720583741709284,12.450745166041603,1810.7916899539334,0.00011114620529237283,5.534479752734406,0.026595546201749257,38.82259586133694,0.1956777654998442,1.224744871391589,full
real_estate,std,greedy,4,0.0001,0.01,3,,quantile,0,0.04451271942843271,9.701385011890864,1437.8984278940547,8.13906345977884e-05,4.531924789037411,0.017760200465670624,23.02503155130291,0.0871472446729763,0.44721359549995804,full
real_estate,std,greedy,4,0.0001,0.1,3,,quantile,0,0.03921391645730825,8.949949258098822,1633.6419501833295,7.487038106331623e-05,4.778206174354751,0.01864104001916949,21.675676300759182,0.08437644428834683,0.44721359549995804,full
real_estate,std,greedy,4,0.0005,1e-05,3,,quantile,0,0.07555913155058233,15.19723059627336,1599.9278078459201,0.00014926939601003894,4.969374293859989,0.02566959948981242,21.28191514866959,0.16570568261847887,1.140175425099138,full
real_estate,std,greedy,4,0.0005,0.0001,3,,quantile,0,0.06898353137519851,14.311127026423959,1445.3273148063677,0.0001730084875125663,4.728689390178169,0.024582882486802928,20.904296801862003,0.1636401705721896,1.140175425099138,full
real_estate,std,greedy,4,0.0005,0.001,3,,quantile,0,0.058720583741709284,12.450745166041603,1809.2513152723627,7.138265795750447e-05,5.534479752734406,0.026595546201749257,38.82259586133694,0.1956777654998442,1.224744871391589,full
real_estate,std,greedy,4,0.0005,0.01,3,,quantile,0,0.04451271942843271,9.701385011890864,1437.280539591449,3.357285784538054e-05,4.531924789037411,0.017760200465670624,23.02503155130291,0.0871472446729763,0.44721359549995804,full
real_estate,std,greedy,4,0.0005,0.1,3,,quantile,0,0.03921391645730825,8.949949258098822,1633.0505547596788,7.551443214356779e-05,4.778206174354751,0.01864104001916949,21.675676300759182,0.08437644428834683,0.44721359549995804,full
real_estate,std,greedy,4,0.001,1e-05,3,,quantile,0,0.07555913155058233,15.19723059627336,1577.8593471305974,0.00013497576765267882,4.969374293859989,0.02566959948981242,21.28191514866959,0.16570568261847887,1.140175425099138,full
real_estate,std,greedy,4,0.001,0.0001,3,,quantile,0,0.06898353137519851,14.311127026423959,1423.594515056987,0.00013060262052485362,4.728689390178169,0.024582882486802928,20.904296801862003,0.1636401705721896,1.140175425099138,full
real_estate,std,greedy,4,0.001,0.001,3,,quantile,0,0.058720583741709284,12.450745166041603,1807.8624189594195,0.00010554949638813737,5.534479752734406,0.026595546201749257,38.82259586133694,0.1956777654998442,1.224744871391589,full
real_estate,std,greedy,4,0.001,0.01,3,,quantile,0,0.04451271942843271,9.701385011890864,1436.5634323139152,7.707973474276903e-05,4.531924789037411,0.017760200465670624,23.02503155130291,0.0871472446729763,0.44721359549995804,full
real_estate,std,greedy,4,0.001,0.1,3,,quantile,0,0.039324993830787816,8.93194113995258,1632.3599635318374,0.00011397006605703408,4.778206174354751,0.01864104001916949,21.675676300759182,0.08437644428834683,0.44721359549995804,full
real_estate,std,greedy,4,0.003,1e-05,3,,quantile,0,0.07555913155058233,15.19723059627336,1494.65756360805,0.00016287967927419705,4.969374293859989,0.02566959948981242,21.28191514866959,0.16570568261847887,1.140175425099138,full
real_estate,std,greedy,4,0.003,0.0001,3,,quantile,0,0.06898353137519851,14.311127026423959,1342.4228565874955,0.00012675429078523823,4.728689390178169,0.024582882486802928,20.904296801862003,0.1636401705721896,1.140175425099138,full
real_estate,std,greedy,4,0.003,0.001,3,,quantile,0,0.058720583741709284,12.450745166041603,1811.5521082912264,0.00013287471901640103,5.419986302501439,0.026232467858375824,38.92618718822048,0.19559655165655776,0.8366600265340756,full
real_estate,std,greedy,4,0.003,0.01,3,,quantile,0,0.044813627201574516,9.770032475545623,1434.310584876724,7.02165180682698e-05,4.531924789037411,0.017760200465670624,23.02503155130291,0.0871472446729763,0.44721359549995804,full
real_estate,std,greedy,4,0.003,0.1,3,,quantile,0,0.030196350803791187,7.447900635868928,1588.754225030587,0.00012566972968279088,5.040883614963208,0.019979851934424666,21.619439408363625,0.08320356858058726,1.0954451150103324,full
real_estate,std,greedy,4,0.005,1e-05,3,,quantile,0,0.07554556870386836,15.193746136016589,1421.9401753926484,0.0001553539925364256,4.910226001722005,0.024805247180326617,21.535361992920578,0.17012580407818018,1.1401754250991378,full
real_estate,std,greedy,4,0.005,0.0001,3,,quantile,0,0.06919208171215786,14.363820531235744,1275.098949576929,0.0001701352875594874,4.661214854774862,0.023685087897661286,21.153720285176664,0.1677764232091799,1.1401754250991378,full
real_estate,std,greedy,4,0.005,0.001,3,,quantile,0,0.05902802257249144,12.531522160920952,1841.263428786063,9.893514986809126e-05,5.176733440273705,0.02531691031449261,39.315220952679006,0.1972454800492585,0.44721359549995787,full
real_estate,std,greedy,4,0.005,0.01,3,,quantile,0,0.046084392369438267,9.94687650138431,1456.6825334080138,2.2788002391688324e-05,4.171979176978526,0.016118037268928936,22.704465813778658,0.08572233392682233,0.5477225575051662,full
real_estate,std,greedy,4,0.005,0.1,3,,quantile,0,0.029485678247809097,7.391055766825205,1546.263930703448,5.000809094293292e-05,4.667472035751562,0.017941991790092777,20.25815832877324,0.08107660719176153,1.0,full
real_estate,std,greedy,4,0.008,1e-05,3,,quantile,0,0.06920840342356208,14.000535521107475,1362.7604119454052,0.0001667488190555199,4.920713282621358,0.02505986874280112,21.927797926812378,0.168721922619713,0.8366600265340756,full
real_estate,std,greedy,4,0.008,0.0001,3,,quantile,0,0.060781335630077905,13.003032955646246,1225.754421470531,0.0001930772035497489,4.6911794365569435,0.0240756309346815,21.4620132378566,0.1660096113646268,0.8366600265340756,full
real_estate,std,greedy,4,0.008,0.001,3,,quantile,0,0.0585637131950665,12.379963213928564,1882.27560661812,9.30404487131332e-05,5.762679355658469,0.028580400162895495,38.955981643741524,0.19506999979110964,0.44721359549995804,full
real_estate,std,greedy,4,0.008,0.01,3,,quantile,0,0.04637484933420429,9.97942618896092,1507.0361441278242,6.742471515540362e-05,5.139937539430656,0.021105167928424467,22.188182884561858,0.07769711600979617,0.44721359549995787,full
real_estate,std,greedy,4,0.008,0.1,3,,quantile,0,0.03278585434414921,7.984511319971415,1506.528513042788,5.620168702557621e-05,4.960544643088862,0.020225574238389398,19.63642238515187,0.07520323098914652,0.8366600265340756,full
real_estate,std,greedy,4,0.01,1e-05,3,,quantile,0,0.06562410018945548,13.454679534365999,1315.7918078432976,0.00014325637798007766,5.092437462641912,0.025612527352462253,22.18606789492143,0.17774623374586893,1.1401754250991378,full
real_estate,std,greedy,4,0.01,0.0001,3,,quantile,0,0.06084153801111351,12.925904027603234,1184.9058725082803,0.00010625174199787542,4.8213117846688975,0.02432551055234781,21.701271375586373,0.17454020472185372,1.1401754250991378,full
real_estate,std,greedy,4,0.01,0.001,3,,quantile,0,0.061143739518431335,12.901878821697037,1883.3732082159313,0.00010780377562550394,5.830346483772461,0.028004688983269542,38.92579387152133,0.19857418362539808,0.5477225575051663,full
real_estate,std,greedy,4,0.01,0.01,3,,quantile,0,0.039017094583005826,8.654451197422532,1496.2884548223526,0.00010485872996613918,5.257443876627746,0.020532053682784112,22.17412561766381,0.08236498970048894,0.5477225575051662,full
real_estate,std,greedy,4,0.01,0.1,3,,quantile,0,0.03450516867923338,8.212190307950383,1464.2149385734156,9.282226565713487e-05,4.39305277560736,0.017726572623071393,18.468755211832107,0.07240516431811919,0.5477225575051661,full
real_estate,std,greedy,4,0.03,1e-05,3,,quantile,0,0.05301178432376224,11.240077770657436,1371.4756976762235,0.00010146249918798493,5.981126365045154,0.032101926922648405,18.76295579195349,0.1691356462029248,0.8944271909999159,full
real_estate,std,greedy,4,0.03,0.0001,3,,quantile,0,0.05168354512142834,11.065269657995328,1438.578941260321,0.00011820188674613248,4.651110845325493,0.028510078115853904,18.224315336010484,0.166182761490556,0.8366600265340756,full
real_estate,std,greedy,4,0.03,0.001,3,,quantile,0,0.05122807600923991,10.40649881140464,1944.7127447175014,0.00015693793176904149,9.890030353798132,0.052075687558852245,40.29828651641089,0.2090931897009965,1.140175425099138,full
real_estate,std,greedy,4,0.03,0.01,3,,quantile,0,0.028966351832261105,7.586501250935252,1668.7215340717096,4.0949874542878576e-05,3.6368394345368884,0.011068260570667501,19.99556808645398,0.07113419150346288,0.5477225575051661,full
real_estate,std,greedy,4,0.03,0.1,3,,quantile,0,0.031724782794426545,6.885796795716883,1644.751818379783,0.00013220749848592776,4.329208156761436,0.015580697740023863,18.47990490760662,0.07078845604393721,0.0,full
real_estate,std,greedy,4,0.05,1e-05,3,,quantile,0,0.030949717839163487,7.198810336643121,1759.5476186148576,0.0001634008998170069,4.577379296286882,0.017708519501270465,19.92582376493646,0.08794549818179698,0.0,full
real_estate,std,greedy,4,0.05,0.0001,3,,quantile,0,0.029651747177533282,6.928426557055595,1761.4281807237312,0.0007992420329638931,4.577352736047152,0.017708281770760465,19.936111244648284,0.08785219894548121,0.0,full
real_estate,std,greedy,4,0.05,0.001,3,,quantile,0,0.027341008061062353,5.036082038574543,1781.028566856983,0.00017428531854952626,4.5754477769159125,0.017688530656328947,20.036354531894727,0.08701910488333955,0.0,full
real_estate,std,greedy,4,0.05,0.01,3,,quantile,0,0.026080757301810406,6.293262166084558,1888.7289878266183,6.759526228047734e-05,5.463013625055998,0.021346976937288126,18.149010581751412,0.06351692475054205,0.0,full
real_estate,std,greedy,4,0.05,0.1,3,,quantile,0,0.026204818523116687,5.016566976942517,1691.7668145510327,7.457784984241987e-05,4.475941368382194,0.014530152558603585,18.062330268487017,0.06759128122115973,0.0,full
real_estate,std,greedy,4,0.08,1e-05,3,,quantile,0,0.027811096967528887,1.6613600537190631,1901.093857054485,0.0010121000303663873,4.577379296286882,0.017708519501270465,19.92582376493646,0.08794549818179698,0.0,full
real_estate,std,greedy,4,0.08,0.0001,3,,quantile,0,0.02768869485183442,1.6557609985874635,1903.113933811195,0.00023666866171559548,4.577352736047152,0.017708281770760465,19.936111244648284,0.08785219894548121,0.0,full
real_estate,std,greedy,4,0.08,0.001,3,,quantile,0,0.03157815212760642,3.5973652373738223,1924.015275978518,0.0001432971627035302,4.5754477769159125,0.017688530656328947,20.036354531894727,0.08701910488333955,0.0,full
real_estate,std,greedy,4,0.08,0.01,3,,quantile,0,0.02560214952078096,5.620867870835634,2037.894900377845,0.00018714283615718974,5.463013625055998,0.021346976937288126,18.149010581751412,0.06351692475054205,0.0,full
real_estate,std,greedy,4,0.08,0.1,3,,quantile,0,0.015171767546751652,5.29777427551007,1978.2321984373634,6.135084979250401e-05,4.0541990316626,0.0341988424123961,24.925277507504344,0.0876352770847259,0.5477225575051662,full
real_estate,std,greedy,4,0.1,1e-05,3,,quantile,0,0.032444891564767125,3.4113197006831926,2013.5814023611626,0.00024567056929811947,6.912406638044355,0.0502694861798205,30.153866563053775,0.11957627521586936,0.5477225575051661,full
real_estate,std,greedy,4,0.1,0.0001,3,,quantile,0,0.03236074584743861,3.4049723518038446,2023.048084575134,0.00016873590470152668,6.912190980631117,0.050268350146868354,30.158386227614514,0.11952901592783963,0.5477225575051661,full
real_estate,std,greedy,4,0.1,0.001,3,,quantile,0,0.02844718575918213,3.8848981569186702,2077.667014571062,0.00013045106924986635,8.723486084207325,0.05359969961859812,24.97591206756073,0.07977044471888284,0.4472135954999579,full
real_estate,std,greedy,4,0.1,0.01,3,,quantile,0,0.023319302076931094,5.4058441352745,2145.402383729964,0.0001727481554101815,5.622144649456416,0.017286083335018715,23.276904506000825,0.08078234660012873,0.0,full
real_estate,std,greedy,4,0.1,0.1,3,,quantile,0,0.02562451911665438,5.403116306613815,2163.2341698146993,0.00011763117011734209,5.652845299329583,0.017242415576123257,23.061716481185048,0.07706277117621985,0.0,full
real_estate,best_by_mean_val_r2,greedy,4,0.08,0.0001,3,,quantile,0,0.6315726871435795,68.75645394157314,28944.251959863606,0.00254893302917476,57.797411755906225,0.6868069039637786,63.755229083365144,0.6483918863945328,2.0,full
